game_date,game_year,player_name,batter,pitcher,events,description,bb_type,launch_speed,launch_angle,hc_x,hc_y,hit_distance_sc,spray_angle,release_spin_rate,spin_rate_deprecated,estimated_ba_using_speedangle,estimated_woba_using_speedangle,woba_value,babip_value,iso_value,home_team,away_team,inning,outs_when_up,stand,p_throws,balls,strikes,pfx_x,pfx_z,plate_x,plate_z
2023-03-26,2023,"Ohtani, Shohei",660271,477132,single,hit_into_play,ground_ball,104.9,7.0,180.07,113.43,117.0,-11.865060324685722,2587.0,,0.637,,0.9,1.0,0.0,LAD,LAA,4,2,L,L,0,0,-0.42,0.37,0.14,2.51
2023-03-26,2023,"Ohtani, Shohei",660271,477132,field_out,hit_into_play,fly_ball,109.9,38.0,183.33,69.48,350.0,-43.586135622184514,2484.0,,0.74,,0.0,0.0,0.0,LAD,LAA,6,2,L,L,2,1,-0.37,0.75,0.08,2.6
2023-03-27,2023,"Ohtani, Shohei",660271,592789,single,hit_into_play,line_drive,98.4,11.0,188.85,107.71,145.0,-15.151803787405044,2031.0,,0.886,,0.9,1.0,0.0,LAA,LAD,3,1,L,R,0,0,1.18,0.57,0.2,2.51
2023-03-27,2023,"Ohtani, Shohei",660271,592789,field_out,hit_into_play,fly_ball,95.9,44.0,104.0,75.75,311.0,-113.09320293259763,1631.0,,0.026,,0.0,0.0,0.0,LAA,LAD,1,0,L,R,1,0,-1.45,0.85,0.32,2.25
2023-03-27,2023,"Ohtani, Shohei",660271,592789,single,hit_into_play,fly_ball,67.5,40.0,93.44,116.52,212.0,-164.96016233246675,1950.0,,0.549,,0.9,1.0,0.0,LAA,LAD,5,1,L,R,1,0,0.14,0.63,1.0,2.89
2023-03-30,2023,"Ohtani, Shohei",660271,666205,single,hit_into_play,ground_ball,111.6,-3.0,166.42,106.4,38.0,-24.182866126469616,2313.0,,0.497,0.472,0.9,1.0,0.0,ATH,LAA,4,0,L,L,1,0,0.08,0.76,-0.27,3.06
2023-04-01,2023,"Ohtani, Shohei",660271,660261,field_out,hit_into_play,ground_ball,100.8,-6.0,160.54,163.59,23.0,47.35604504762599,1245.0,,0.303,0.29,0.0,0.0,0.0,ATH,LAA,1,2,L,R,1,1,-0.66,-0.04,0.25,2.65
2023-04-01,2023,"Ohtani, Shohei",660271,670124,single,hit_into_play,ground_ball,100.0,-3.0,160.54,102.38,37.0,-32.47536471871129,2154.0,,0.354,0.343,0.9,1.0,0.0,ATH,LAA,6,1,L,R,1,0,-0.02,1.07,0.19,3.39
2023-04-01,2023,"Ohtani, Shohei",660271,544727,field_out,hit_into_play,ground_ball,100.9,-7.0,148.42,147.83,11.0,44.26913132177574,2167.0,,0.277,0.266,0.0,0.0,0.0,ATH,LAA,8,0,L,R,1,1,-1.37,0.14,1.06,1.65
2023-04-01,2023,"Ohtani, Shohei",660271,660261,single,hit_into_play,line_drive,99.3,21.0,26.84,103.65,338.0,-167.72916817572712,2077.0,,0.363,0.45,0.9,1.0,0.0,ATH,LAA,3,0,L,R,0,1,-0.87,1.18,-0.57,3.26
2023-04-02,2023,"Ohtani, Shohei",660271,686610,field_out,hit_into_play,line_drive,103.2,18.0,132.03,67.07,328.0,-83.08079794509571,2083.0,,0.446,0.531,0.0,0.0,0.0,ATH,LAA,1,1,L,L,0,0,-0.99,0.04,0.67,3.02
2023-04-02,2023,"Ohtani, Shohei",660271,686610,home_run,hit_into_play,fly_ball,110.8,27.0,167.51,40.01,447.0,-63.42685962637644,2121.0,,0.989,2.0,2.0,0.0,3.0,ATH,LAA,5,0,L,L,0,0,-1.13,-0.24,0.98,1.97
2023-04-03,2023,"Ohtani, Shohei",660271,650895,field_out,hit_into_play,popup,83.6,75.0,90.68,189.1,101.0,118.16519397193818,2207.0,,0.003,0.003,0.0,0.0,0.0,SEA,LAA,7,0,L,R,0,0,0.3,0.16,0.3,2.74
2023-04-03,2023,"Ohtani, Shohei",660271,669923,field_out,hit_into_play,ground_ball,103.7,-34.0,150.11,159.38,2.0,53.856859732697714,1445.0,,0.097,0.094,0.0,0.0,0.0,SEA,LAA,1,1,L,R,1,2,-1.47,0.26,-0.36,1.64
2023-04-03,2023,"Ohtani, Shohei",660271,669923,grounded_into_double_play,hit_into_play,ground_ball,102.0,-2.0,118.05,151.07,37.0,104.92731338589105,2408.0,,0.486,0.455,0.0,0.0,0.0,SEA,LAA,3,0,L,R,2,2,1.01,-0.08,-0.24,2.92
2023-04-03,2023,"Ohtani, Shohei",660271,669923,home_run,hit_into_play,fly_ball,110.3,26.0,162.47,28.4,431.0,-68.79931465649119,1473.0,,0.991,2.0,2.0,0.0,3.0,SEA,LAA,5,0,L,R,1,1,-1.4,0.44,-0.31,2.15
2023-04-04,2023,"Ohtani, Shohei",660271,622491,field_out,hit_into_play,ground_ball,87.3,4.0,147.45,152.09,79.0,50.3508091542163,1982.0,,0.389,0.366,0.0,0.0,0.0,SEA,LAA,1,1,L,R,2,1,-1.7,-0.01,-0.81,1.84
2023-04-04,2023,"Ohtani, Shohei",660271,622491,field_out,hit_into_play,ground_ball,77.4,-10.0,106.39,160.71,8.0,117.52593661390495,1926.0,,0.083,0.081,0.0,0.0,0.0,SEA,LAA,4,0,L,R,0,0,-1.66,0.17,0.33,1.32
2023-04-05,2023,"Ohtani, Shohei",660271,662253,single,hit_into_play,ground_ball,67.5,1.0,73.94,147.52,32.0,156.20013461266407,2110.0,,0.103,0.1,0.9,1.0,0.0,SEA,LAA,7,2,L,R,1,2,0.43,0.1,-0.78,1.43
2023-04-05,2023,"Ohtani, Shohei",660271,623167,field_out,hit_into_play,fly_ball,95.9,57.0,72.09,122.92,233.0,-177.74874530948748,1399.0,,0.026,0.028,0.0,0.0,0.0,SEA,LAA,3,1,L,R,0,2,-0.83,0.96,0.26,2.44
2023-04-07,2023,"Ohtani, Shohei",660271,657024,double,hit_into_play,fly_ball,101.6,23.0,224.24,102.99,337.0,-12.504964527777366,1138.0,,0.611,0.946,1.25,1.0,1.0,LAA,TOR,8,0,L,R,2,2,-1.03,0.64,-0.52,2.47
2023-04-07,2023,"Ohtani, Shohei",660271,605135,single,hit_into_play,line_drive,91.1,20.0,196.59,103.6,226.0,-16.642690284631367,2177.0,,0.366,0.393,0.9,1.0,0.0,LAA,TOR,5,1,L,R,0,0,1.13,-1.08,0.48,1.87
2023-04-08,2023,"Ohtani, Shohei",660271,621244,double,hit_into_play,line_drive,80.4,16.0,205.73,128.27,180.0,2.3195198185219095,1420.0,,0.903,0.842,1.25,1.0,1.0,LAA,TOR,4,0,L,R,1,1,-1.2,0.18,-0.53,1.53
2023-04-09,2023,"Ohtani, Shohei",660271,579328,single,hit_into_play,ground_ball,100.5,7.0,137.76,84.14,118.0,-72.65715409308544,2423.0,,0.657,0.618,0.9,1.0,0.0,LAA,TOR,5,0,L,L,3,2,-0.27,0.11,0.44,3.63
2023-04-09,2023,"Ohtani, Shohei",660271,579328,home_run,hit_into_play,fly_ball,108.6,23.0,85.71,43.86,397.0,-115.83741655840537,2577.0,,0.974,1.844,2.0,0.0,3.0,LAA,TOR,3,1,L,L,2,1,-0.19,0.19,0.89,2.26
2023-04-09,2023,"Ohtani, Shohei",660271,579328,force_out,hit_into_play,ground_ball,73.5,-30.0,143.52,175.41,3.0,69.82730282851455,2516.0,,0.051,0.054,0.0,0.0,0.0,LAA,TOR,1,1,L,L,1,2,-0.24,-0.13,-0.37,1.69
2023-04-09,2023,"Ohtani, Shohei",660271,554340,field_out,hit_into_play,ground_ball,98.2,-10.0,150.18,151.79,12.0,46.77442200694678,2906.0,,0.254,0.243,0.0,0.0,0.0,LAA,TOR,7,2,L,R,3,2,1.2,0.03,0.05,2.19
2023-04-09,2023,"Ohtani, Shohei",660271,641835,field_out,hit_into_play,ground_ball,68.3,-16.0,152.61,152.39,9.0,44.77081810424587,2139.0,,0.043,0.048,0.0,0.0,0.0,LAA,TOR,10,2,L,L,0,2,1.55,0.73,1.35,2.61
2023-04-10,2023,"Ohtani, Shohei",660271,571578,field_out,hit_into_play,ground_ball,76.2,-8.0,144.75,148.3,15.0,49.71407311560678,2045.0,,0.069,0.067,0.0,0.0,0.0,LAA,WSH,2,2,L,L,1,1,1.24,1.11,0.95,2.72
2023-04-11,2023,"Ohtani, Shohei",660271,680686,field_out,hit_into_play,fly_ball,99.6,28.0,54.81,81.93,338.0,-148.46588196460894,2334.0,,0.56,1.003,0.0,0.0,0.0,LAA,WSH,1,2,L,R,3,2,-0.04,-0.18,-0.04,1.35
2023-04-11,2023,"Ohtani, Shohei",660271,680686,single,hit_into_play,line_drive,79.1,23.0,64.19,115.95,227.0,-171.53513130449872,1869.0,,0.709,0.659,0.9,1.0,0.0,LAA,WSH,4,0,L,R,2,2,-0.15,0.71,0.81,2.8
2023-04-14,2023,"Ohtani, Shohei",660271,670174,single,hit_into_play,line_drive,77.3,18.0,106.8,96.4,214.0,-122.47119229084849,2115.0,,0.96,0.886,0.9,1.0,0.0,BOS,LAA,5,1,L,R,0,1,0.58,0.04,0.87,2.54
2023-04-14,2023,"Ohtani, Shohei",660271,670174,field_out,hit_into_play,ground_ball,84.2,-17.0,129.3,185.2,6.0,85.91438322002512,1752.0,,0.08,0.078,0.0,0.0,0.0,BOS,LAA,7,0,L,R,0,0,-1.48,0.16,-0.91,1.89
2023-04-15,2023,"Ohtani, Shohei",660271,518489,field_out,hit_into_play,ground_ball,86.0,-6.0,148.22,173.28,8.0,64.31502849368233,2514.0,,0.174,0.169,0.0,0.0,0.0,BOS,LAA,8,2,L,R,2,2,0.2,0.14,-0.17,0.91
2023-04-15,2023,"Ohtani, Shohei",660271,601713,single,hit_into_play,fly_ball,65.6,33.0,88.25,122.94,204.0,-176.79167568868277,2270.0,,0.857,0.835,0.9,1.0,0.0,BOS,LAA,5,0,L,R,2,2,-0.69,1.61,-0.53,3.28
2023-04-15,2023,"Ohtani, Shohei",660271,601713,field_out,hit_into_play,ground_ball,83.9,0.0,104.05,163.11,44.0,118.79867253860269,2215.0,,0.209,0.203,0.0,0.0,0.0,BOS,LAA,1,1,L,R,2,2,-0.39,1.55,1.03,2.77
2023-04-15,2023,"Ohtani, Shohei",660271,542947,single,hit_into_play,line_drive,107.4,8.0,142.13,91.89,214.0,-62.64447532701782,2056.0,,0.711,0.675,0.9,1.0,0.0,BOS,LAA,6,2,L,L,1,2,0.83,0.96,-0.39,2.85
2023-04-16,2023,"Ohtani, Shohei",660271,676477,field_out,hit_into_play,ground_ball,95.5,-15.0,130.96,146.32,5.0,74.38167995266704,1987.0,,0.183,0.176,0.0,0.0,0.0,BOS,LAA,1,2,L,R,1,2,0.61,-0.16,-0.18,1.45
2023-04-16,2023,"Ohtani, Shohei",660271,676477,field_out,hit_into_play,fly_ball,103.5,22.0,196.74,73.88,354.0,-35.47265318163049,2117.0,,0.637,0.92,0.0,0.0,0.0,BOS,LAA,4,0,L,R,1,1,-1.49,0.75,-0.23,1.64
2023-04-16,2023,"Ohtani, Shohei",660271,676477,field_out,hit_into_play,ground_ball,105.9,-3.0,141.0,162.03,28.0,66.63169168138789,2153.0,,0.451,0.432,0.0,0.0,0.0,BOS,LAA,7,0,L,R,0,1,0.63,-0.48,-0.06,2.33
2023-04-16,2023,"Ohtani, Shohei",660271,518489,field_out,hit_into_play,fly_ball,96.0,46.0,81.94,94.97,282.0,-145.10812057282772,2443.0,,0.011,0.015,0.0,0.0,0.0,BOS,LAA,9,2,L,R,1,1,0.57,0.12,-0.1,2.69
2023-04-17,2023,"Ohtani, Shohei",660271,676710,field_out,hit_into_play,line_drive,97.1,23.0,160.56,62.58,349.0,-60.330302182178535,1196.0,,0.257,0.295,0.0,0.0,0.0,BOS,LAA,9,1,L,R,1,0,-1.22,0.02,-0.6,2.06
2023-04-17,2023,"Ohtani, Shohei",660271,676710,field_out,hit_into_play,fly_ball,81.2,39.0,148.69,89.36,280.0,-56.38791112773898,2373.0,,0.031,0.034,0.0,0.0,0.0,BOS,LAA,4,0,L,R,1,1,0.26,0.6,0.78,3.06
2023-04-17,2023,"Ohtani, Shohei",660271,678394,single,hit_into_play,line_drive,105.6,12.0,146.73,122.66,201.0,-6.146224661770712,2077.0,,0.92,0.932,0.9,1.0,0.0,BOS,LAA,1,1,L,R,0,0,-0.72,1.09,0.78,3.03
2023-04-17,2023,"Ohtani, Shohei",660271,676710,field_error,hit_into_play,ground_ball,62.5,-78.0,136.82,189.67,0.0,79.64214592731963,1120.0,,0.174,0.17,0.9,0.0,0.0,BOS,LAA,6,1,L,R,1,0,-1.12,0.39,0.42,1.3
2023-04-17,2023,"Ohtani, Shohei",660271,678394,single,hit_into_play,ground_ball,88.8,7.0,193.5,104.65,114.0,-16.5456469087218,2398.0,,0.491,0.453,0.9,1.0,0.0,BOS,LAA,2,0,L,R,2,0,0.37,0.0,-0.35,1.95
2023-04-18,2023,"Ohtani, Shohei",660271,622772,field_out,hit_into_play,fly_ball,78.8,31.0,175.21,113.64,281.0,-12.748520331254033,2434.0,,0.114,0.121,0.0,0.0,0.0,NYY,LAA,7,1,L,R,1,2,0.75,0.36,0.56,2.23
2023-04-18,2023,"Ohtani, Shohei",660271,657376,home_run,hit_into_play,line_drive,116.7,19.0,171.46,47.75,391.0,-58.97629128248924,3018.0,,0.9,1.492,2.0,0.0,3.0,NYY,LAA,1,0,L,R,2,0,0.68,0.18,0.24,2.21
2023-04-19,2023,"Ohtani, Shohei",660271,666745,field_out,hit_into_play,fly_ball,111.5,33.0,137.82,33.43,409.0,-82.03026687038759,1693.0,,0.937,1.89,0.0,0.0,0.0,NYY,LAA,1,1,L,R,3,2,-1.42,0.93,0.37,1.93
2023-04-19,2023,"Ohtani, Shohei",660271,666745,field_out,hit_into_play,ground_ball,86.1,0.0,147.81,147.83,35.0,45.02510770194812,1654.0,,0.24,0.233,0.0,0.0,0.0,NYY,LAA,3,1,L,R,0,0,-1.51,0.7,-0.78,2.1
2023-04-20,2023,"Ohtani, Shohei",660271,641482,field_out,hit_into_play,ground_ball,89.7,-5.0,142.48,145.26,17.0,49.21290696447212,2303.0,,0.191,0.185,0.0,0.0,0.0,NYY,LAA,5,2,L,L,0,0,0.04,0.83,-0.57,1.98
2023-04-20,2023,"Ohtani, Shohei",660271,641482,field_out,hit_into_play,popup,59.1,75.0,148.54,195.59,54.0,71.55774645829818,2549.0,,0.006,0.008,0.0,0.0,0.0,NYY,LAA,1,1,L,L,0,0,-1.15,0.26,-0.71,1.95
2023-04-20,2023,"Ohtani, Shohei",660271,641482,field_out,hit_into_play,ground_ball,92.3,-2.0,150.97,148.29,37.0,41.88588193091314,2451.0,,0.266,0.257,0.0,0.0,0.0,NYY,LAA,3,2,L,L,2,2,-0.39,0.29,-0.65,2.6
2023-04-21,2023,"Ohtani, Shohei",660271,622251,single,hit_into_play,line_drive,98.0,10.0,103.93,72.86,235.0,-112.00384717282533,2727.0,,0.769,0.72,0.9,1.0,0.0,LAA,KC,8,1,L,R,0,0,0.66,-1.15,-0.57,1.68
2023-04-21,2023,"Ohtani, Shohei",660271,642232,field_out,hit_into_play,line_drive,104.6,18.0,89.81,58.59,359.0,-117.91867253024078,2078.0,,0.569,0.709,0.0,0.0,0.0,LAA,KC,3,2,L,L,2,2,1.41,1.04,-0.16,1.7
2023-04-21,2023,"Ohtani, Shohei",660271,642232,grounded_into_double_play,hit_into_play,ground_ball,84.9,2.0,135.86,141.5,47.0,56.647814367296604,2011.0,,0.3,0.289,0.0,0.0,0.0,LAA,KC,6,0,L,L,3,2,1.28,0.51,-1.04,1.9
2023-04-22,2023,"Ohtani, Shohei",660271,425844,field_out,hit_into_play,ground_ball,93.8,-20.0,145.81,162.17,3.0,60.75727600028073,1676.0,,0.131,0.128,0.0,0.0,0.0,LAA,KC,3,2,L,R,1,0,-1.09,0.26,-0.41,1.25
2023-04-22,2023,"Ohtani, Shohei",660271,425844,field_out,hit_into_play,fly_ball,101.9,37.0,96.15,56.57,360.0,-112.86022556764948,2329.0,,0.377,0.722,0.0,0.0,0.0,LAA,KC,5,1,L,R,3,2,-0.07,1.13,0.21,2.29
2023-04-22,2023,"Ohtani, Shohei",660271,425844,field_out,hit_into_play,fly_ball,78.8,36.0,80.15,107.81,255.0,-159.0292911984494,2537.0,,0.046,0.048,0.0,0.0,0.0,LAA,KC,1,2,L,R,2,2,1.69,0.29,-0.04,2.83
2023-04-22,2023,"Ohtani, Shohei",660271,547973,field_out,hit_into_play,popup,68.1,55.0,97.39,142.95,161.0,146.9710268435983,2446.0,,0.037,0.033,0.0,0.0,0.0,LAA,KC,7,1,L,L,0,1,-0.71,0.52,-0.61,1.74
2023-04-22,2023,"Ohtani, Shohei",660271,605130,field_out,hit_into_play,ground_ball,53.5,-58.0,118.84,184.39,1.0,95.9216105361114,2355.0,,0.26,0.251,0.0,0.0,0.0,LAA,KC,9,2,L,R,0,2,1.4,-0.83,-0.61,1.26
2023-04-23,2023,"Ohtani, Shohei",660271,543475,sac_fly,hit_into_play,fly_ball,97.6,31.0,49.65,87.78,333.0,-153.7124006737836,2493.0,,0.309,0.528,0.0,0.0,0.0,LAA,KC,1,0,L,R,0,0,0.78,-1.35,-0.5,2.65
2023-04-23,2023,"Ohtani, Shohei",660271,543475,home_run,hit_into_play,fly_ball,107.3,25.0,160.15,34.53,415.0,-68.76752827705378,2529.0,,0.957,1.858,2.0,0.0,3.0,LAA,KC,6,0,L,R,2,2,0.48,-1.53,-0.22,2.09
2023-04-23,2023,"Ohtani, Shohei",660271,657031,single,hit_into_play,ground_ball,81.3,-12.0,158.34,164.51,9.0,49.84108860065655,2122.0,,0.069,0.068,0.9,1.0,0.0,LAA,KC,8,0,L,L,1,2,-0.63,0.08,-0.47,2.03
2023-04-24,2023,"Ohtani, Shohei",660271,670124,field_out,hit_into_play,line_drive,90.7,19.0,125.38,73.65,312.0,-89.57600781327544,1684.0,,0.477,0.445,0.0,0.0,0.0,LAA,ATH,9,0,L,R,3,2,0.79,-0.62,0.53,2.35
2023-04-24,2023,"Ohtani, Shohei",660271,686610,field_out,hit_into_play,ground_ball,100.8,1.0,128.32,137.32,54.0,74.9181701759421,2137.0,,0.454,0.409,0.0,0.0,0.0,LAA,ATH,3,2,L,L,2,2,0.82,1.18,-0.15,3.12
2023-04-24,2023,"Ohtani, Shohei",660271,686610,double,hit_into_play,ground_ball,104.3,-3.0,210.03,124.53,34.0,-0.3166969554707418,1489.0,,0.466,0.434,1.25,1.0,1.0,LAA,ATH,6,0,L,L,2,1,1.28,0.53,0.24,2.82
2023-04-25,2023,"Ohtani, Shohei",660271,695243,field_out,hit_into_play,fly_ball,103.5,46.0,47.82,84.07,343.0,-152.06215485039033,2393.0,,0.054,0.075,0.0,0.0,0.0,LAA,ATH,1,1,L,R,0,0,-0.72,1.25,0.04,2.51
2023-04-25,2023,"Ohtani, Shohei",660271,663992,force_out,hit_into_play,ground_ball,73.7,0.0,128.1,147.32,39.0,82.09283729704156,2169.0,,0.126,0.121,0.0,0.0,0.0,LAA,ATH,5,1,L,L,1,2,1.34,0.33,0.72,2.59
2023-04-26,2023,"Ohtani, Shohei",660271,665622,field_out,hit_into_play,ground_ball,78.8,-30.0,154.48,162.02,3.0,51.46876763089416,1458.0,,0.037,0.045,0.0,0.0,0.0,LAA,ATH,2,1,L,R,1,1,-1.35,0.76,-0.55,1.65
2023-04-26,2023,"Ohtani, Shohei",660271,660261,single,hit_into_play,line_drive,103.0,7.0,84.82,100.24,176.0,-148.3575040835988,2107.0,,0.689,0.648,0.9,1.0,0.0,LAA,ATH,6,1,L,R,1,1,-1.02,0.98,-0.89,2.53
2023-04-26,2023,"Ohtani, Shohei",660271,663385,home_run,hit_into_play,fly_ball,103.9,34.0,118.97,37.1,401.0,-93.92438117484133,2027.0,,0.66,1.313,2.0,0.0,3.0,LAA,ATH,8,1,L,R,1,1,-1.66,0.82,0.07,1.94
2023-04-26,2023,"Ohtani, Shohei",660271,665622,field_out,hit_into_play,ground_ball,96.2,-4.0,106.02,155.36,16.0,122.01216818993502,2375.0,,0.269,0.259,0.0,0.0,0.0,LAA,ATH,1,2,L,R,3,2,-0.9,1.37,-0.89,1.66
2023-04-27,2023,"Ohtani, Shohei",660271,663992,field_out,hit_into_play,fly_ball,96.1,31.0,144.95,43.04,388.0,-76.31959566652708,2296.0,,0.237,0.414,0.0,0.0,0.0,LAA,ATH,8,1,L,L,0,0,-0.11,0.52,0.57,2.49
2023-04-27,2023,"Ohtani, Shohei",660271,642758,triple,hit_into_play,fly_ball,106.9,40.0,174.47,55.01,371.0,-54.74674716253687,1809.0,,0.531,1.102,1.6,1.0,2.0,LAA,ATH,6,2,L,R,0,0,-1.46,0.52,-0.34,3.15
2023-04-27,2023,"Ohtani, Shohei",660271,676664,single,hit_into_play,ground_ball,57.6,-28.0,132.88,161.72,4.0,77.88819441363073,2553.0,,0.054,0.056,0.9,1.0,0.0,LAA,ATH,1,2,L,L,2,2,-1.25,0.18,-1.45,2.28
2023-04-27,2023,"Ohtani, Shohei",660271,676664,double,hit_into_play,line_drive,102.9,7.0,96.01,82.74,171.0,-124.4497905876547,2051.0,,0.689,0.648,1.25,1.0,1.0,LAA,ATH,3,1,L,L,1,2,0.8,1.23,-0.76,3.59
2023-04-27,2023,"Ohtani, Shohei",660271,676664,field_out,hit_into_play,ground_ball,104.4,-1.0,116.6,147.55,51.0,110.43064123315408,2144.0,,0.44,0.396,0.0,0.0,0.0,LAA,ATH,5,0,L,L,1,2,0.89,1.1,-0.6,3.4
2023-04-28,2023,"Ohtani, Shohei",660271,489119,field_out,hit_into_play,ground_ball,82.8,1.0,161.42,150.9,41.0,35.41844837399555,2430.0,,0.246,0.236,0.0,0.0,0.0,MIL,LAA,4,0,L,L,1,2,-1.03,0.09,-1.19,1.91
2023-04-28,2023,"Ohtani, Shohei",660271,489119,field_out,hit_into_play,fly_ball,89.4,52.0,60.9,129.6,237.0,175.89532697477,2371.0,,0.009,0.009,0.0,0.0,0.0,MIL,LAA,5,2,L,L,0,0,-1.1,0.35,-0.67,2.66
2023-04-28,2023,"Ohtani, Shohei",660271,657265,single,hit_into_play,ground_ball,111.8,-2.0,138.57,115.29,30.0,-35.58557727601927,2417.0,,0.523,0.503,0.9,1.0,0.0,MIL,LAA,8,1,L,R,2,0,-0.78,0.96,-0.36,2.05
2023-04-28,2023,"Ohtani, Shohei",660271,489119,force_out,hit_into_play,ground_ball,91.8,-4.0,152.48,167.35,22.0,57.0213318888706,2237.0,,0.186,0.18,0.0,0.0,0.0,MIL,LAA,1,1,L,L,1,0,-0.27,0.55,-0.22,2.08
2023-04-29,2023,"Ohtani, Shohei",660271,642207,single,hit_into_play,line_drive,97.4,9.0,143.8,96.76,156.0,-56.3474051825511,2304.0,,0.649,0.584,0.9,1.0,0.0,MIL,LAA,9,2,L,R,0,0,-0.4,1.51,0.31,2.93
2023-04-29,2023,"Ohtani, Shohei",660271,669203,grounded_into_double_play,hit_into_play,ground_ball,96.2,-6.0,156.34,168.7,22.0,54.35332907107618,2557.0,,0.251,0.243,0.0,0.0,0.0,MIL,LAA,1,0,L,R,1,2,0.4,0.61,0.89,2.64
2023-04-29,2023,"Ohtani, Shohei",660271,665625,single,hit_into_play,ground_ball,103.4,-5.0,149.87,166.0,18.0,58.759612799068066,2423.0,,0.38,0.359,0.9,1.0,0.0,MIL,LAA,8,0,L,R,0,0,-0.11,0.49,0.21,1.89
2023-04-29,2023,"Ohtani, Shohei",660271,669203,single,hit_into_play,ground_ball,87.0,-6.0,182.74,118.34,14.0,-6.579684793508425,2579.0,,0.194,0.188,0.9,1.0,0.0,MIL,LAA,3,2,L,R,1,0,0.15,1.33,0.63,1.88
2023-04-29,2023,"Ohtani, Shohei",660271,669203,field_out,hit_into_play,ground_ball,104.2,-3.0,148.73,152.42,29.0,49.1262131242722,2530.0,,0.466,0.434,0.0,0.0,0.0,MIL,LAA,5,2,L,R,2,1,0.42,0.71,-0.22,2.2
2023-04-30,2023,"Ohtani, Shohei",660271,668338,field_out,hit_into_play,ground_ball,81.5,-13.0,151.48,144.17,9.0,35.902380541539664,2244.0,,0.089,0.081,0.0,0.0,0.0,MIL,LAA,8,1,L,R,0,0,-0.13,0.64,0.65,2.2
2023-04-30,2023,"Ohtani, Shohei",660271,607067,home_run,hit_into_play,fly_ball,114.3,39.0,144.46,32.95,413.0,-78.06304112691649,2246.0,,0.76,1.557,2.0,0.0,3.0,MIL,LAA,3,2,L,R,0,0,0.59,0.26,0.36,2.33
2023-05-03,2023,"Ohtani, Shohei",660271,571945,field_out,hit_into_play,popup,77.9,61.0,105.8,139.21,167.0,143.49470257741282,1651.0,,0.02,0.021,0.0,0.0,0.0,STL,LAA,5,1,L,R,2,2,-1.66,0.47,-0.84,2.64
2023-05-03,2023,"Ohtani, Shohei",660271,571945,single,hit_into_play,ground_ball,108.8,1.0,190.63,106.63,56.0,-15.637065245741685,2108.0,,0.549,0.494,0.9,1.0,0.0,STL,LAA,3,1,L,R,2,1,-1.06,0.94,0.12,2.59
2023-05-03,2023,"Ohtani, Shohei",660271,606149,double,hit_into_play,line_drive,105.7,19.0,88.08,41.3,371.0,-113.80223570828144,2368.0,,0.637,0.846,1.25,1.0,1.0,STL,LAA,9,1,L,R,0,0,-0.78,1.45,-0.61,2.83
2023-05-03,2023,"Ohtani, Shohei",660271,663855,force_out,hit_into_play,ground_ball,73.3,-20.0,146.95,157.02,8.0,55.56900949496114,2248.0,,0.049,0.053,0.0,0.0,0.0,STL,LAA,7,1,L,R,1,0,-1.51,0.77,-0.93,3.1
2023-05-03,2023,"Ohtani, Shohei",660271,571945,single,hit_into_play,ground_ball,107.2,-10.0,175.9,100.52,11.0,-25.68490333938117,2277.0,,0.323,0.313,0.9,1.0,0.0,STL,LAA,1,2,L,R,0,0,-0.6,1.22,0.42,2.15
2023-05-04,2023,"Ohtani, Shohei",660271,608717,field_out,hit_into_play,popup,88.0,69.0,100.5,161.07,135.0,124.18571230937377,2149.0,,0.003,0.003,0.0,0.0,0.0,STL,LAA,5,1,L,R,0,1,-1.11,0.31,-0.47,1.95
2023-05-04,2023,"Ohtani, Shohei",660271,656427,single,hit_into_play,ground_ball,113.0,4.0,169.54,102.07,81.0,-27.24023132267372,2408.0,,0.654,0.622,0.9,1.0,0.0,STL,LAA,3,0,L,R,3,1,0.22,0.56,0.37,2.17
2023-05-05,2023,"Ohtani, Shohei",660271,641540,field_out,hit_into_play,ground_ball,82.5,-6.0,158.61,162.23,21.0,47.92533124806542,1894.0,,0.137,0.134,0.0,0.0,0.0,LAA,TEX,3,2,L,R,0,0,0.02,0.8,0.97,3.04
2023-05-05,2023,"Ohtani, Shohei",660271,519293,force_out,hit_into_play,ground_ball,89.2,4.0,156.07,142.96,74.0,30.03004094601483,2261.0,,0.389,0.355,0.0,0.0,0.0,LAA,TEX,10,0,L,L,0,1,-0.62,-0.21,-0.62,1.36
2023-05-05,2023,"Ohtani, Shohei",660271,656271,field_out,hit_into_play,popup,88.2,63.0,85.1,179.97,166.0,125.9740386560303,2164.0,,0.017,0.024,0.0,0.0,0.0,LAA,TEX,6,2,L,L,1,0,1.3,1.07,-0.46,3.04
2023-05-05,2023,"Ohtani, Shohei",660271,641540,force_out,hit_into_play,ground_ball,89.6,9.0,153.93,159.75,116.0,50.22201005389042,1769.0,,0.6,0.558,0.0,0.0,0.0,LAA,TEX,1,1,L,R,1,0,-1.6,0.48,-0.15,2.1
2023-05-05,2023,"Ohtani, Shohei",660271,642546,field_out,hit_into_play,ground_ball,64.9,-29.0,145.58,152.96,2.0,53.645017722935634,2195.0,,0.046,0.05,0.0,0.0,0.0,LAA,TEX,8,2,L,R,1,2,-1.59,0.53,-1.17,1.54
2023-05-06,2023,"Ohtani, Shohei",660271,543135,field_out,hit_into_play,fly_ball,93.7,27.0,57.87,86.11,326.0,-149.91527051031338,1680.0,,0.14,0.176,0.0,0.0,0.0,LAA,TEX,1,1,L,R,3,2,-1.28,0.18,-0.12,1.5
2023-05-06,2023,"Ohtani, Shohei",660271,543135,field_out,hit_into_play,ground_ball,68.6,7.0,150.57,152.65,70.0,47.23815478180893,2318.0,,0.226,0.217,0.0,0.0,0.0,LAA,TEX,4,0,L,R,0,0,-0.15,1.2,1.01,2.24
2023-05-06,2023,"Ohtani, Shohei",660271,543135,field_out,hit_into_play,fly_ball,105.5,35.0,125.0,39.64,394.0,0.0,,,0.749,1.506,0.0,0.0,0.0,LAA,TEX,6,0,L,R,0,0,-0.01,1.03,0.13,2.62
2023-05-06,2023,"Ohtani, Shohei",660271,543135,field_out,hit_into_play,ground_ball,90.7,-33.0,159.3,167.73,3.0,51.2454745680688,2372.0,,0.06,0.061,0.0,0.0,0.0,LAA,TEX,8,2,L,R,1,2,-0.03,0.75,-0.1,2.15
2023-05-07,2023,"Ohtani, Shohei",660271,666142,field_out,hit_into_play,line_drive,71.1,17.0,110.29,133.27,173.0,150.65519298388048,2405.0,,0.7,0.633,0.0,0.0,0.0,LAA,TEX,8,2,L,L,0,0,-1.11,-1.16,-0.71,1.72
2023-05-07,2023,"Ohtani, Shohei",660271,527048,single,hit_into_play,ground_ball,86.7,7.0,146.92,97.88,102.0,-51.05279146443476,,,0.463,0.429,0.9,1.0,0.0,LAA,TEX,4,2,L,L,0,1,1.42,0.63,0.81,2.61
2023-05-07,2023,"Ohtani, Shohei",660271,527048,single,hit_into_play,ground_ball,63.1,-44.0,140.26,174.8,1.0,72.96358930521114,1720.0,,0.157,0.152,0.9,1.0,0.0,LAA,TEX,1,1,L,L,2,2,1.16,0.89,-0.66,1.25
2023-05-08,2023,"Ohtani, Shohei",660271,593576,field_out,hit_into_play,fly_ball,94.1,59.0,83.53,128.02,209.0,175.83486034201795,2446.0,,0.026,0.031,0.0,0.0,0.0,LAA,HOU,7,2,L,R,1,2,-0.7,1.43,-0.1,3.69
2023-05-08,2023,"Ohtani, Shohei",660271,686613,field_out,hit_into_play,fly_ball,83.4,50.0,75.42,111.81,250.0,-165.10239370156177,2036.0,,0.02,0.019,0.0,0.0,0.0,LAA,HOU,1,1,L,R,3,2,0.39,0.67,0.49,2.99
2023-05-08,2023,"Ohtani, Shohei",660271,686613,double,hit_into_play,ground_ball,100.3,-9.0,160.82,81.53,12.0,-50.51091219608641,,,0.214,0.208,1.25,1.0,1.0,LAA,HOU,3,1,L,R,1,2,0.71,-1.28,-0.76,2.06
2023-05-08,2023,"Ohtani, Shohei",660271,686613,double,hit_into_play,line_drive,110.2,20.0,167.15,55.23,370.0,-58.86265695401295,2130.0,,0.897,1.444,1.25,1.0,1.0,LAA,HOU,5,1,L,R,1,0,0.32,0.91,0.29,2.58
2023-05-09,2023,"Ohtani, Shohei",660271,664285,field_out,hit_into_play,line_drive,94.4,18.0,124.8,82.88,291.0,-90.27205768712432,2556.0,,0.477,0.454,0.0,0.0,0.0,LAA,HOU,4,1,L,L,3,2,-0.37,-0.59,-0.11,2.22
2023-05-09,2023,"Ohtani, Shohei",660271,664285,field_out,hit_into_play,ground_ball,94.9,-22.0,146.9,153.12,5.0,52.088358785437116,2544.0,,0.114,0.108,0.0,0.0,0.0,LAA,HOU,1,2,L,L,3,2,-0.26,-0.6,0.79,2.43
2023-05-10,2023,"Ohtani, Shohei",660271,664299,field_out,hit_into_play,fly_ball,73.6,32.0,133.0,94.23,264.0,-75.42613263471324,2133.0,,0.351,0.316,0.0,0.0,0.0,LAA,HOU,4,0,L,R,0,1,-0.38,1.49,0.38,3.61
2023-05-10,2023,"Ohtani, Shohei",660271,519151,home_run,hit_into_play,fly_ball,102.6,31.0,183.16,43.84,408.0,-54.37426933998654,2874.0,,0.717,1.424,2.0,0.0,3.0,LAA,HOU,9,0,L,R,1,2,1.19,-1.14,0.21,1.47
2023-05-13,2023,"Ohtani, Shohei",660271,663986,field_out,hit_into_play,ground_ball,101.3,-9.0,142.57,150.13,16.0,55.04012629863661,2567.0,,0.237,0.228,0.0,0.0,0.0,CLE,LAA,9,1,L,R,1,0,-0.51,1.03,-0.72,2.81
2023-05-13,2023,"Ohtani, Shohei",660271,615698,double,hit_into_play,line_drive,93.5,15.0,41.05,103.09,273.0,-165.3727360752126,2287.0,,0.869,0.853,1.25,1.0,1.0,CLE,LAA,3,1,L,R,1,1,-0.58,1.53,-0.87,3.69
2023-05-14,2023,"Ohtani, Shohei",660271,676440,field_out,hit_into_play,ground_ball,91.4,-13.0,153.91,153.14,11.0,44.22672968304374,2091.0,,0.169,0.161,0.0,0.0,0.0,CLE,LAA,1,1,L,R,1,0,-0.26,1.28,0.71,2.81
2023-05-14,2023,"Ohtani, Shohei",660271,661403,single,hit_into_play,ground_ball,94.3,4.0,145.29,108.0,102.0,-39.95799734934876,2542.0,,0.48,0.437,0.9,1.0,0.0,CLE,LAA,9,0,L,R,1,2,1.04,-0.08,-0.45,1.63
2023-05-15,2023,"Ohtani, Shohei",660271,657508,single,hit_into_play,line_drive,84.1,17.0,60.38,98.52,260.0,-157.7171503124018,2205.0,,0.963,0.901,0.9,1.0,0.0,BAL,LAA,9,2,L,R,0,2,-0.88,1.46,-1.41,3.01
2023-05-15,2023,"Ohtani, Shohei",660271,641329,force_out,hit_into_play,ground_ball,76.3,-3.0,143.06,155.67,31.0,59.50833697604541,1604.0,,0.094,0.086,0.0,0.0,0.0,BAL,LAA,7,1,L,R,0,2,-1.1,0.78,-0.58,3.14
2023-05-15,2023,"Ohtani, Shohei",660271,670810,triple,hit_into_play,line_drive,101.1,18.0,164.28,62.44,351.0,-57.876223661003266,1510.0,,0.466,0.568,1.6,1.0,2.0,BAL,LAA,5,2,L,R,2,2,-1.13,0.52,-0.3,2.77
2023-05-15,2023,"Ohtani, Shohei",660271,680570,single,hit_into_play,ground_ball,99.6,3.0,151.45,91.28,81.0,-51.8893290860385,2194.0,,0.497,0.453,0.9,1.0,0.0,BAL,LAA,3,1,L,R,1,1,-0.91,1.25,-0.91,2.57
2023-05-15,2023,"Ohtani, Shohei",660271,680570,home_run,hit_into_play,fly_ball,114.6,27.0,205.01,31.4,456.0,-49.47592333993351,2437.0,,0.994,2.0,2.0,0.0,3.0,BAL,LAA,4,1,L,R,0,0,0.33,-0.93,-0.06,2.53
2023-05-16,2023,"Ohtani, Shohei",660271,665152,field_out,hit_into_play,fly_ball,90.7,28.0,51.49,99.64,308.0,-160.96622734611176,2378.0,,0.069,0.085,0.0,0.0,0.0,BAL,LAA,6,0,L,R,3,2,-1.08,1.33,-0.56,3.41
2023-05-16,2023,"Ohtani, Shohei",660271,672335,field_out,hit_into_play,ground_ball,71.6,-11.0,154.22,151.13,7.0,41.804690577669106,2398.0,,0.054,0.056,0.0,0.0,0.0,BAL,LAA,8,0,L,L,1,0,-0.82,-0.51,0.15,1.32
2023-05-16,2023,"Ohtani, Shohei",660271,665152,field_out,hit_into_play,fly_ball,102.2,45.0,100.22,67.02,334.0,-113.14131861650826,2490.0,,0.057,0.09,0.0,0.0,0.0,BAL,LAA,1,1,L,R,3,1,0.74,0.67,0.19,2.95
2023-05-17,2023,"Ohtani, Shohei",660271,680694,field_out,hit_into_play,fly_ball,100.1,59.0,69.38,122.32,238.0,-177.24138763898657,2463.0,,0.023,0.021,0.0,0.0,0.0,BAL,LAA,1,2,L,R,2,1,0.43,0.47,-0.06,2.12
2023-05-17,2023,"Ohtani, Shohei",660271,680694,field_out,hit_into_play,fly_ball,94.3,26.0,55.51,85.99,330.0,-150.69120280300922,2317.0,,0.177,0.223,0.0,0.0,0.0,BAL,LAA,4,0,L,R,1,1,0.21,0.87,-0.8,3.14
2023-05-17,2023,"Ohtani, Shohei",660271,680694,field_out,hit_into_play,fly_ball,98.8,43.0,134.63,77.03,305.0,-78.64872858689534,2685.0,,0.063,0.11,0.0,0.0,0.0,BAL,LAA,7,0,L,R,1,2,1.05,-0.02,0.36,3.02
2023-05-18,2023,"Ohtani, Shohei",660271,543056,single,hit_into_play,ground_ball,82.3,7.0,153.72,164.29,99.0,53.83413719924315,2473.0,,0.377,0.354,0.9,1.0,0.0,BAL,LAA,8,2,L,L,0,0,-0.96,-0.52,-0.5,1.78
2023-05-18,2023,"Ohtani, Shohei",660271,669330,home_run,hit_into_play,fly_ball,100.3,32.0,190.0,60.17,378.0,-44.9249766852767,2356.0,,0.469,0.91,2.0,0.0,3.0,BAL,LAA,1,2,L,R,0,1,-1.22,1.07,-0.71,3.23
2023-05-18,2023,"Ohtani, Shohei",660271,672335,field_out,hit_into_play,fly_ball,83.3,34.0,126.71,79.44,298.0,-87.8505308387151,2575.0,,0.031,0.041,0.0,0.0,0.0,BAL,LAA,7,1,L,L,1,1,-0.98,-0.19,-0.79,2.28
2023-05-18,2023,"Ohtani, Shohei",660271,669330,field_out,hit_into_play,fly_ball,102.0,56.0,86.16,97.59,272.0,-144.78877837806738,2355.0,,0.017,0.017,0.0,0.0,0.0,BAL,LAA,3,1,L,R,0,1,-0.26,1.6,-0.01,2.84
2023-05-18,2023,"Ohtani, Shohei",660271,669330,field_out,hit_into_play,popup,84.0,75.0,104.99,167.85,85.0,115.03153178020433,2292.0,,0.003,0.003,0.0,0.0,0.0,BAL,LAA,5,1,L,R,3,2,-1.43,0.96,-0.15,2.55
2023-05-19,2023,"Ohtani, Shohei",660271,657746,field_out,hit_into_play,line_drive,103.4,15.0,80.0,78.89,320.0,-134.3019957308336,2200.0,,0.68,0.741,0.0,0.0,0.0,LAA,MIN,5,2,L,R,2,1,-0.96,1.18,-0.42,2.84
2023-05-20,2023,"Ohtani, Shohei",660271,686973,home_run,hit_into_play,fly_ball,102.5,33.0,183.64,41.26,414.0,-54.99787861273548,2223.0,,0.551,1.093,2.0,0.0,3.0,LAA,MIN,6,0,L,R,3,2,-0.64,1.19,0.18,3.15
2023-05-20,2023,"Ohtani, Shohei",660271,686973,field_out,hit_into_play,ground_ball,111.3,-6.0,124.73,162.73,18.0,90.41000785599388,2262.0,,0.431,0.407,0.0,0.0,0.0,LAA,MIN,3,2,L,R,0,0,-0.55,1.49,-0.35,2.32
2023-05-21,2023,"Ohtani, Shohei",660271,641154,single,hit_into_play,line_drive,79.1,25.0,118.63,85.26,264.0,-99.10658320319313,2257.0,,0.503,0.471,0.9,1.0,0.0,LAA,MIN,1,1,L,R,0,0,-0.31,1.23,1.03,2.85
2023-05-21,2023,"Ohtani, Shohei",660271,592254,fielders_choice_out,hit_into_play,ground_ball,78.1,-20.0,145.75,163.59,8.0,61.73289969944666,2111.0,,0.069,0.068,0.0,0.0,0.0,LAA,MIN,7,1,L,R,0,1,0.35,0.51,0.38,3.27
2023-05-21,2023,"Ohtani, Shohei",660271,641154,field_out,hit_into_play,ground_ball,96.8,0.0,147.4,171.69,42.0,64.37016566558738,2539.0,,0.377,0.357,0.0,0.0,0.0,LAA,MIN,3,2,L,R,1,1,1.04,0.29,-0.05,1.99
2023-05-22,2023,"Ohtani, Shohei",660271,676710,field_out,hit_into_play,line_drive,102.1,18.0,185.72,92.1,303.0,-28.450223655084546,2531.0,,0.4,0.449,0.0,0.0,0.0,LAA,BOS,8,0,L,R,2,2,-0.83,1.55,0.66,3.65
2023-05-23,2023,"Ohtani, Shohei",660271,678394,single,hit_into_play,ground_ball,76.1,-13.0,161.72,163.45,12.0,46.318401005879615,1982.0,,0.06,0.06,0.9,1.0,0.0,LAA,BOS,1,1,L,R,1,1,-1.57,0.56,-0.9,2.92
2023-05-23,2023,"Ohtani, Shohei",660271,678394,field_out,hit_into_play,ground_ball,71.8,-27.0,161.12,160.42,4.0,44.43939382486637,1869.0,,0.026,0.037,0.0,0.0,0.0,LAA,BOS,3,2,L,R,0,2,-1.28,0.49,-0.26,2.12
2023-05-23,2023,"Ohtani, Shohei",660271,678394,field_out,hit_into_play,line_drive,91.3,23.0,90.95,77.95,314.0,-125.8931914769878,2067.0,,0.143,0.161,0.0,0.0,0.0,LAA,BOS,6,0,L,R,0,1,-0.86,0.84,0.19,2.73
2023-05-24,2023,"Ohtani, Shohei",660271,621057,field_out,hit_into_play,ground_ball,112.6,-4.0,116.56,133.51,20.0,134.7633816067827,2043.0,,0.469,0.43,0.0,0.0,0.0,LAA,BOS,7,1,L,R,2,1,-0.66,1.21,-0.13,2.11
2023-05-24,2023,"Ohtani, Shohei",660271,601713,field_out,hit_into_play,fly_ball,84.1,51.0,118.84,121.71,224.0,-151.8937301791981,2632.0,,0.017,0.02,0.0,0.0,0.0,LAA,BOS,4,2,L,R,2,2,0.48,-1.08,0.27,2.88
2023-05-24,2023,"Ohtani, Shohei",660271,572020,home_run,hit_into_play,fly_ball,105.7,30.0,80.48,44.69,398.0,-119.00187737877653,1934.0,,0.886,1.752,2.0,0.0,3.0,LAA,BOS,3,1,L,L,0,1,-0.44,0.08,0.07,3.74
2023-05-26,2023,"Ohtani, Shohei",660271,666200,grounded_into_double_play,hit_into_play,ground_ball,96.2,-22.0,151.19,151.79,6.0,45.64884858649278,2437.0,,0.14,0.136,0.0,0.0,0.0,LAA,MIA,1,1,L,L,2,0,1.33,1.11,0.01,2.7
2023-05-26,2023,"Ohtani, Shohei",660271,656945,field_out,hit_into_play,fly_ball,83.3,53.0,81.96,134.19,197.0,167.9470692983298,2620.0,,0.02,0.018,0.0,0.0,0.0,LAA,MIA,7,1,L,L,0,0,-0.47,0.18,-0.33,2.17
2023-05-27,2023,"Ohtani, Shohei",660271,571670,field_out,hit_into_play,line_drive,77.7,7.0,102.21,164.67,119.0,119.87691688424388,2117.0,,0.257,0.249,0.0,0.0,0.0,LAA,MIA,9,0,L,R,0,1,-1.68,0.58,-1.3,2.45
2023-05-27,2023,"Ohtani, Shohei",660271,665795,field_out,hit_into_play,fly_ball,92.4,46.0,92.18,89.69,285.0,-132.9068982816547,2345.0,,0.006,0.006,0.0,0.0,0.0,LAA,MIA,1,2,L,R,1,0,-0.79,1.49,0.08,2.78
2023-05-27,2023,"Ohtani, Shohei",660271,665795,force_out,hit_into_play,ground_ball,72.2,-26.0,154.22,151.12,6.0,41.79379324964986,1596.0,,0.037,0.045,0.0,0.0,0.0,LAA,MIA,3,1,L,R,2,0,-1.26,0.79,-0.73,3.15
2023-05-27,2023,"Ohtani, Shohei",660271,665795,grounded_into_double_play,hit_into_play,ground_ball,85.7,-28.0,147.67,147.09,3.0,44.25760294150797,,,0.057,0.059,0.0,0.0,0.0,LAA,MIA,5,1,L,R,1,0,-1.19,0.82,-0.8,1.83
2023-05-28,2023,"Ohtani, Shohei",660271,691587,single,hit_into_play,line_drive,109.6,8.0,188.42,119.87,154.0,-4.624547311493239,2558.0,,0.74,0.7,0.9,1.0,0.0,LAA,MIA,4,0,L,R,3,0,-0.59,1.33,-0.19,2.72
2023-05-29,2023,"Ohtani, Shohei",660271,521230,force_out,hit_into_play,ground_ball,96.5,-15.0,126.71,144.66,16.0,85.02900168234837,2353.0,,0.217,0.207,0.0,0.0,0.0,CWS,LAA,8,2,L,R,1,2,-0.74,1.54,-0.55,4.48
2023-05-29,2023,"Ohtani, Shohei",660271,656629,field_out,hit_into_play,popup,88.4,70.0,89.72,174.37,121.0,125.54975184636844,2518.0,,0.001,0.0,0.0,0.0,0.0,CWS,LAA,2,2,L,R,3,1,-0.83,1.43,-0.16,3.75
2023-05-30,2023,"Ohtani, Shohei",660271,608337,field_out,hit_into_play,fly_ball,99.6,53.0,191.54,131.49,234.0,5.570741537101653,1517.0,,0.014,0.018,0.0,0.0,0.0,CWS,LAA,5,2,L,R,2,1,-1.21,0.87,-0.34,2.79
2023-05-30,2023,"Ohtani, Shohei",660271,608337,field_out,hit_into_play,fly_ball,99.4,36.0,120.18,55.75,356.0,-93.98153042418217,2165.0,,0.266,0.512,0.0,0.0,0.0,CWS,LAA,1,1,L,R,1,0,-0.56,1.62,-0.07,3.43
2023-05-30,2023,"Ohtani, Shohei",660271,608337,home_run,hit_into_play,fly_ball,110.2,30.0,141.08,23.47,435.0,-81.00042512154452,2070.0,,0.971,2.0,2.0,0.0,3.0,CWS,LAA,4,0,L,R,0,2,-0.86,1.44,0.18,3.45
2023-05-31,2023,"Ohtani, Shohei",660271,458681,home_run,hit_into_play,fly_ball,107.0,30.0,107.16,28.19,425.0,-100.44124118320035,2428.0,,0.931,1.855,2.0,0.0,3.0,CWS,LAA,3,1,L,R,0,0,-0.87,1.1,0.57,2.74
2023-05-31,2023,"Ohtani, Shohei",660271,458681,home_run,hit_into_play,fly_ball,111.8,30.0,198.17,18.2,459.0,-55.58447512868135,2326.0,,0.983,2.0,2.0,0.0,3.0,CWS,LAA,4,1,L,R,3,2,-0.48,1.07,0.45,3.17
2023-05-31,2023,"Ohtani, Shohei",660271,458681,field_out,hit_into_play,fly_ball,98.7,43.0,141.7,83.56,291.0,-68.05094585583863,1786.0,,0.063,0.11,0.0,0.0,0.0,CWS,LAA,1,0,L,R,1,0,-1.33,0.5,-0.33,2.95
2023-06-01,2023,"Ohtani, Shohei",660271,650556,field_out,hit_into_play,ground_ball,107.1,-5.0,146.73,146.15,20.0,44.225057702803504,2388.0,,0.374,0.359,0.0,0.0,0.0,HOU,LAA,7,0,L,R,0,0,-0.54,1.41,-0.27,2.31
2023-06-01,2023,"Ohtani, Shohei",660271,669854,single,hit_into_play,ground_ball,96.4,-3.0,179.46,118.58,36.0,-6.723265601209376,2042.0,,0.291,0.279,0.9,1.0,0.0,HOU,LAA,1,1,L,R,0,0,0.31,0.66,0.4,3.31
2023-06-01,2023,"Ohtani, Shohei",660271,669854,field_out,hit_into_play,popup,80.0,82.0,102.78,203.9,56.0,105.72840383970494,2035.0,,0.003,0.004,0.0,0.0,0.0,HOU,LAA,5,1,L,R,0,2,0.61,0.44,0.55,2.82
2023-06-02,2023,"Ohtani, Shohei",660271,664285,field_out,hit_into_play,fly_ball,86.7,28.0,65.66,101.28,286.0,-158.21190969269884,2284.0,,0.063,0.077,0.0,0.0,0.0,HOU,LAA,1,0,L,L,3,2,1.27,0.73,0.72,3.36
2023-06-02,2023,"Ohtani, Shohei",660271,650556,field_out,hit_into_play,fly_ball,83.3,40.0,77.11,98.9,278.0,-151.40966206030797,2856.0,,0.014,0.017,0.0,0.0,0.0,HOU,LAA,9,2,L,R,0,0,0.89,0.07,0.43,2.66
2023-06-03,2023,"Ohtani, Shohei",660271,664299,grounded_into_double_play,hit_into_play,ground_ball,75.7,-13.0,144.3,150.11,14.0,52.453468990629084,2254.0,,0.06,0.06,0.0,0.0,0.0,HOU,LAA,5,1,L,R,1,2,-0.2,1.59,0.39,3.58
2023-06-03,2023,"Ohtani, Shohei",660271,664299,triple,hit_into_play,line_drive,111.2,18.0,163.71,57.94,340.0,-60.004555666923494,2314.0,,0.834,1.196,1.6,1.0,2.0,HOU,LAA,3,1,L,R,2,0,-0.5,1.63,0.31,2.24
2023-06-03,2023,"Ohtani, Shohei",660271,592773,double,hit_into_play,fly_ball,94.1,25.0,59.71,80.15,337.0,-145.51345667946498,810.0,,0.197,0.26,1.25,1.0,1.0,HOU,LAA,7,1,L,R,2,2,-0.88,0.37,-0.9,3.45
2023-06-03,2023,"Ohtani, Shohei",660271,519151,single,hit_into_play,ground_ball,102.3,-3.0,126.0,204.5,34.0,89.27933637748235,2536.0,,0.403,0.38,0.9,1.0,0.0,HOU,LAA,9,0,L,R,0,1,-0.17,1.54,0.07,3.04
2023-06-03,2023,"Ohtani, Shohei",660271,664299,single,hit_into_play,ground_ball,109.9,1.0,137.63,93.11,61.0,-68.39401144982861,2253.0,,0.554,0.499,0.9,1.0,0.0,HOU,LAA,1,0,L,R,3,2,-0.62,1.82,-0.63,2.77
2023-06-04,2023,"Ohtani, Shohei",660271,641585,field_out,hit_into_play,fly_ball,89.9,46.0,69.9,102.21,278.0,-157.52944449223298,1637.0,,0.009,0.011,0.0,0.0,0.0,HOU,LAA,1,0,L,R,1,0,-1.31,0.6,-0.59,2.32
2023-06-04,2023,"Ohtani, Shohei",660271,664208,double,hit_into_play,fly_ball,97.0,27.0,213.62,101.82,334.0,-14.658240681648682,3189.0,,0.343,0.549,1.25,1.0,1.0,HOU,LAA,8,2,L,R,3,2,1.44,-1.03,0.22,1.68
2023-06-04,2023,"Ohtani, Shohei",660271,641585,field_out,hit_into_play,ground_ball,81.9,-9.0,147.14,165.38,9.0,61.264427569412305,1844.0,,0.111,0.105,0.0,0.0,0.0,HOU,LAA,4,0,L,R,2,1,-1.39,0.64,-0.68,1.59
2023-06-04,2023,"Ohtani, Shohei",660271,641585,field_out,hit_into_play,ground_ball,78.2,-5.0,143.08,162.84,14.0,64.4614698363468,1909.0,,0.131,0.123,0.0,0.0,0.0,HOU,LAA,6,2,L,R,1,2,-1.26,0.7,-0.35,1.39
2023-06-06,2023,"Ohtani, Shohei",660271,669713,field_out,hit_into_play,ground_ball,89.5,8.0,134.43,145.12,122.0,64.88808356586493,2088.0,,0.557,0.524,0.0,0.0,0.0,LAA,CHC,1,1,L,R,1,0,-0.48,0.78,0.73,2.42
2023-06-06,2023,"Ohtani, Shohei",660271,669713,home_run,hit_into_play,fly_ball,103.0,24.0,213.0,74.64,374.0,-29.78132898891714,2390.0,,0.754,1.278,2.0,0.0,3.0,LAA,CHC,4,0,L,R,2,2,0.29,0.17,0.56,3.04
2023-06-07,2023,"Ohtani, Shohei",660271,592791,double,hit_into_play,line_drive,109.4,18.0,140.31,58.13,351.0,-77.10429414040861,2278.0,,0.771,1.017,1.25,1.0,1.0,LAA,CHC,1,1,L,R,3,1,-0.59,1.48,-0.66,3.06
2023-06-07,2023,"Ohtani, Shohei",660271,621074,field_out,hit_into_play,ground_ball,79.4,-40.0,149.79,155.64,3.0,51.024609529431025,2392.0,,0.074,0.073,0.0,0.0,0.0,LAA,CHC,8,2,L,R,0,0,0.16,0.44,0.44,2.95
2023-06-07,2023,"Ohtani, Shohei",660271,592791,field_out,hit_into_play,fly_ball,92.9,41.0,62.8,84.24,325.0,-146.76295545373958,2283.0,,0.011,0.012,0.0,0.0,0.0,LAA,CHC,3,2,L,R,3,2,-0.73,1.47,-0.13,4.08
2023-06-08,2023,"Ohtani, Shohei",660271,592767,field_out,hit_into_play,ground_ball,71.2,-27.0,142.58,151.12,7.0,56.05757425956362,2036.0,,0.029,0.039,0.0,0.0,0.0,LAA,CHC,6,2,L,L,1,2,1.07,0.83,0.64,3.94
2023-06-08,2023,"Ohtani, Shohei",660271,592767,single,hit_into_play,line_drive,92.2,10.0,137.42,103.03,165.0,-60.519814479259075,2219.0,,0.691,0.624,0.9,1.0,0.0,LAA,CHC,2,2,L,L,1,0,0.26,-0.06,0.11,2.59
2023-06-08,2023,"Ohtani, Shohei",660271,592767,field_out,hit_into_play,popup,77.7,60.0,88.67,153.55,163.0,141.8378981837345,2002.0,,0.026,0.027,0.0,0.0,0.0,LAA,CHC,4,1,L,L,2,2,0.39,-0.02,-0.37,1.96
2023-06-09,2023,"Ohtani, Shohei",660271,622491,double,hit_into_play,line_drive,112.4,11.0,68.42,76.19,262.0,-139.2165690627245,2185.0,,0.914,0.957,1.25,1.0,1.0,LAA,SEA,5,2,L,R,0,0,-1.55,0.35,-0.5,2.58
2023-06-09,2023,"Ohtani, Shohei",660271,622491,single,hit_into_play,ground_ball,67.7,-33.0,88.44,155.41,3.0,140.2468791906911,2348.0,,0.063,0.064,0.9,1.0,0.0,LAA,SEA,1,1,L,R,2,2,0.12,0.08,-0.48,1.6
2023-06-09,2023,"Ohtani, Shohei",660271,666374,field_out,hit_into_play,ground_ball,108.4,-19.0,156.13,164.55,5.0,51.793542007179134,2131.0,,0.189,0.183,0.0,0.0,0.0,LAA,SEA,7,1,L,R,1,2,-0.41,0.65,0.63,2.0
2023-06-09,2023,"Ohtani, Shohei",660271,622491,home_run,hit_into_play,fly_ball,112.9,30.0,165.65,38.4,440.0,-64.85466114503618,1842.0,,0.986,2.0,2.0,0.0,3.0,LAA,SEA,3,2,L,R,1,0,-1.57,0.26,0.26,2.51
2023-06-10,2023,"Ohtani, Shohei",660271,693433,field_out,hit_into_play,fly_ball,104.2,54.0,112.23,87.08,282.0,-108.61154949665304,2260.0,,0.017,0.019,0.0,0.0,0.0,LAA,SEA,1,1,L,R,2,2,-0.74,1.27,0.2,3.34
2023-06-10,2023,"Ohtani, Shohei",660271,693433,home_run,hit_into_play,fly_ball,103.0,28.0,215.63,64.58,400.0,-33.69006752597979,2267.0,,0.8,1.539,2.0,0.0,3.0,LAA,SEA,3,2,L,R,0,1,1.16,0.74,1.02,1.95
2023-06-11,2023,"Ohtani, Shohei",660271,623167,single,hit_into_play,ground_ball,97.6,10.0,194.51,106.97,140.0,-14.541320344805035,2273.0,,0.769,0.72,0.9,1.0,0.0,LAA,SEA,8,0,L,R,0,1,0.61,0.85,0.77,3.63
2023-06-11,2023,"Ohtani, Shohei",660271,669302,single,hit_into_play,line_drive,100.2,11.0,169.36,89.76,205.0,-38.46395840877532,1070.0,,0.906,0.885,0.9,1.0,0.0,LAA,SEA,3,0,L,R,1,2,-0.49,0.31,-0.66,1.84
2023-06-11,2023,"Ohtani, Shohei",660271,666374,single,hit_into_play,line_drive,93.6,17.0,159.21,97.91,223.0,-38.374777379968876,2724.0,,0.606,0.619,0.9,1.0,0.0,LAA,SEA,4,0,L,R,0,0,1.27,0.18,0.41,3.07
2023-06-11,2023,"Ohtani, Shohei",660271,669302,field_out,hit_into_play,ground_ball,108.2,-5.0,146.05,141.1,20.0,37.41040783297466,2057.0,,0.383,0.367,0.0,0.0,0.0,LAA,SEA,1,0,L,R,0,1,-0.01,-0.07,-0.2,2.09
2023-06-12,2023,"Ohtani, Shohei",660271,641540,field_out,hit_into_play,ground_ball,65.4,-63.0,146.16,186.64,1.0,71.05349531049094,1794.0,,0.22,0.213,0.0,0.0,0.0,TEX,LAA,1,0,L,R,2,1,-1.42,0.34,0.23,1.65
2023-06-12,2023,"Ohtani, Shohei",660271,681982,home_run,hit_into_play,fly_ball,114.1,25.0,91.62,16.04,459.0,-107.03249546805269,2205.0,,0.994,2.0,2.0,0.0,3.0,TEX,LAA,7,1,L,R,0,1,-1.48,0.34,0.44,1.9
2023-06-12,2023,"Ohtani, Shohei",660271,641540,sac_fly,hit_into_play,fly_ball,94.9,30.0,40.74,101.07,321.0,-164.14535288987787,2009.0,,0.194,0.334,0.0,0.0,0.0,TEX,LAA,5,0,L,R,0,1,-1.16,0.63,0.27,2.71
2023-06-12,2023,"Ohtani, Shohei",660271,666142,home_run,hit_into_play,fly_ball,107.0,28.0,31.92,72.57,388.0,-150.60835659846043,2404.0,,0.949,1.888,2.0,0.0,3.0,TEX,LAA,12,0,L,L,0,0,0.11,0.56,0.21,3.44
2023-06-13,2023,"Ohtani, Shohei",660271,674003,double,hit_into_play,line_drive,112.5,16.0,222.31,100.22,254.0,-14.286725812357266,1958.0,,0.763,0.958,1.25,1.0,1.0,TEX,LAA,1,1,L,L,3,2,1.23,1.36,0.85,2.72
2023-06-13,2023,"Ohtani, Shohei",660271,669391,single,hit_into_play,ground_ball,87.0,5.0,163.79,94.44,78.0,-38.23216813654336,1830.0,,0.403,0.37,0.9,1.0,0.0,TEX,LAA,6,1,L,R,1,0,-1.1,0.67,-0.77,2.18
2023-06-14,2023,"Ohtani, Shohei",660271,571760,single,hit_into_play,line_drive,86.2,16.0,77.21,99.5,224.0,-151.9163133680174,2465.0,,0.974,0.913,0.9,1.0,0.0,TEX,LAA,4,2,L,L,3,2,1.5,1.04,0.16,2.0
2023-06-14,2023,"Ohtani, Shohei",660271,622250,field_out,hit_into_play,ground_ball,81.0,-5.0,141.52,168.17,17.0,69.05949327708677,2115.0,,0.149,0.142,0.0,0.0,0.0,TEX,LAA,7,0,L,R,1,1,0.0,0.11,0.1,1.83
2023-06-14,2023,"Ohtani, Shohei",660271,519293,home_run,hit_into_play,fly_ball,116.1,26.0,58.48,27.57,453.0,-124.32317406372142,2312.0,,0.994,2.0,2.0,0.0,3.0,TEX,LAA,9,1,L,L,1,0,0.69,1.48,0.22,2.53
2023-06-15,2023,"Ohtani, Shohei",660271,656271,home_run,hit_into_play,fly_ball,109.4,28.0,93.57,22.28,443.0,-107.01292743344403,1969.0,,0.96,2.0,2.0,0.0,3.0,TEX,LAA,8,0,L,L,0,0,-0.17,0.65,-0.4,3.1
2023-06-15,2023,"Ohtani, Shohei",660271,543135,field_out,hit_into_play,ground_ball,97.8,-15.0,153.41,150.38,9.0,41.77592604374603,1697.0,,0.217,0.211,0.0,0.0,0.0,TEX,LAA,3,1,L,R,0,1,-1.05,0.12,-0.61,2.41
2023-06-16,2023,"Ohtani, Shohei",660271,663903,double,hit_into_play,line_drive,106.1,10.0,52.45,127.19,201.0,178.27099012809452,2200.0,,0.857,0.846,1.25,1.0,1.0,KC,LAA,1,1,L,R,1,1,-1.35,0.48,0.13,1.85
2023-06-16,2023,"Ohtani, Shohei",660271,663903,field_out,hit_into_play,ground_ball,70.2,-24.0,155.26,160.3,6.0,49.39603210442533,2122.0,,0.04,0.046,0.0,0.0,0.0,KC,LAA,5,2,L,R,0,1,-1.27,0.56,-0.92,2.58
2023-06-17,2023,"Ohtani, Shohei",660271,664199,home_run,hit_into_play,fly_ball,110.0,30.0,114.64,22.41,437.0,-95.76643695949788,1463.0,,0.971,1.951,2.0,0.0,3.0,KC,LAA,7,1,L,R,0,0,-1.34,0.46,-0.37,3.02
2023-06-17,2023,"Ohtani, Shohei",660271,594577,field_out,hit_into_play,line_drive,101.7,19.0,186.72,85.04,343.0,-32.92063673763982,2113.0,,0.44,0.537,0.0,0.0,0.0,KC,LAA,1,0,L,R,3,2,0.45,-0.1,-0.06,1.92
2023-06-17,2023,"Ohtani, Shohei",660271,594577,field_out,hit_into_play,ground_ball,86.9,3.0,148.66,152.16,61.0,48.93976921293259,1622.0,,0.371,0.354,0.0,0.0,0.0,KC,LAA,3,2,L,R,1,1,-1.2,0.44,-0.44,1.64
2023-06-17,2023,"Ohtani, Shohei",660271,594577,force_out,hit_into_play,ground_ball,82.0,7.0,138.51,147.08,102.0,58.53895607342357,1522.0,,0.377,0.354,0.0,0.0,0.0,KC,LAA,5,1,L,R,0,0,-0.98,0.28,-0.09,1.25
2023-06-18,2023,"Ohtani, Shohei",660271,425844,field_out,hit_into_play,ground_ball,97.2,2.0,151.45,156.92,63.0,50.353696501226395,1858.0,,0.457,0.431,0.0,0.0,0.0,KC,LAA,1,1,L,R,1,0,-1.13,0.26,-0.54,2.71
2023-06-18,2023,"Ohtani, Shohei",660271,425844,home_run,hit_into_play,fly_ball,117.1,22.0,196.82,48.29,422.0,-46.88564734295026,2222.0,,0.974,1.847,2.0,0.0,3.0,KC,LAA,5,0,L,R,3,2,0.92,-0.9,0.66,1.91
2023-06-20,2023,"Ohtani, Shohei",660271,477132,field_out,hit_into_play,fly_ball,102.1,28.0,76.89,62.14,370.0,-127.42869365550925,2261.0,,0.669,1.212,0.0,0.0,0.0,LAA,LAD,6,1,L,L,0,1,-0.38,0.56,-0.55,2.33
2023-06-20,2023,"Ohtani, Shohei",660271,477132,field_out,hit_into_play,fly_ball,102.6,47.0,72.12,84.5,314.0,-142.55203711160124,2236.0,,0.046,0.061,0.0,0.0,0.0,LAA,LAD,1,1,L,L,0,0,-0.01,1.49,-0.08,3.36
2023-06-21,2023,"Ohtani, Shohei",660271,623465,field_out,hit_into_play,fly_ball,100.1,46.0,108.0,81.22,297.0,-111.22144829210804,2572.0,,0.029,0.037,0.0,0.0,0.0,LAA,LAD,9,0,L,R,2,2,1.14,0.32,0.18,2.08
2023-06-21,2023,"Ohtani, Shohei",660271,624647,field_out,hit_into_play,line_drive,81.4,28.0,76.16,99.28,278.0,-152.22792298363305,2329.0,,0.111,0.105,0.0,0.0,0.0,LAA,LAD,4,0,L,L,2,1,-0.3,0.28,-0.6,2.37
2023-06-21,2023,"Ohtani, Shohei",660271,681911,field_out,hit_into_play,popup,98.1,70.0,85.66,148.3,151.0,149.36290753854283,2306.0,,0.014,0.019,0.0,0.0,0.0,LAA,LAD,6,0,L,L,0,0,0.47,1.54,0.29,3.69
2023-06-23,2023,"Ohtani, Shohei",660271,607536,double,hit_into_play,line_drive,115.5,16.0,174.35,54.03,321.0,-55.186629759944786,2362.0,,0.834,1.131,1.25,1.0,1.0,COL,LAA,1,1,L,L,2,2,0.76,0.51,0.56,2.97
2023-06-23,2023,"Ohtani, Shohei",660271,663567,single,hit_into_play,ground_ball,110.5,7.0,182.87,95.19,143.0,-27.25390574915263,1442.0,,0.714,0.677,0.9,1.0,0.0,COL,LAA,6,2,L,R,0,0,-0.98,0.44,0.42,2.59
2023-06-23,2023,"Ohtani, Shohei",660271,607536,field_out,hit_into_play,fly_ball,104.7,43.0,89.07,54.04,370.0,-116.85499079697003,2370.0,,0.26,0.518,0.0,0.0,0.0,COL,LAA,3,0,L,L,0,0,-0.24,0.37,0.23,3.37
2023-06-23,2023,"Ohtani, Shohei",660271,607536,home_run,hit_into_play,fly_ball,103.1,26.0,197.85,37.98,434.0,-50.06514727077408,2507.0,,0.82,2.0,2.0,0.0,3.0,COL,LAA,5,0,L,L,2,1,1.05,0.84,1.09,2.86
2023-06-24,2023,"Ohtani, Shohei",660271,663562,field_out,hit_into_play,ground_ball,76.0,-63.0,142.97,163.59,1.0,65.03026754683837,2247.0,,0.309,0.295,0.0,0.0,0.0,COL,LAA,6,1,L,R,1,1,-0.98,0.53,-0.43,2.86
2023-06-24,2023,"Ohtani, Shohei",660271,502624,single,hit_into_play,line_drive,79.1,15.0,148.97,93.93,166.0,-52.350397538436944,2275.0,,0.809,0.745,0.9,1.0,0.0,COL,LAA,3,2,L,R,1,0,-1.11,0.82,-0.24,2.39
2023-06-24,2023,"Ohtani, Shohei",660271,666154,grounded_into_double_play,hit_into_play,ground_ball,104.2,3.0,120.54,149.05,78.0,100.5059790331895,1299.0,,0.563,0.517,0.0,0.0,0.0,COL,LAA,8,1,L,R,2,1,-0.82,0.17,-0.72,1.68
2023-06-24,2023,"Ohtani, Shohei",660271,663562,field_out,hit_into_play,line_drive,90.5,24.0,185.5,89.98,307.0,-30.06410285579205,2346.0,,0.14,0.18,0.0,0.0,0.0,COL,LAA,4,0,L,R,0,1,-0.14,0.73,1.04,2.57
2023-06-24,2023,"Ohtani, Shohei",660271,502624,field_out,hit_into_play,fly_ball,93.1,52.0,36.04,110.33,311.0,-170.63588171955328,2136.0,,0.006,0.007,0.0,0.0,0.0,COL,LAA,1,0,L,R,0,0,-0.66,0.84,0.04,3.21
2023-06-25,2023,"Ohtani, Shohei",660271,596295,triple,hit_into_play,line_drive,113.7,10.0,78.34,62.39,236.0,-126.69526067417752,2160.0,,0.86,0.877,1.6,1.0,2.0,COL,LAA,6,0,L,L,1,0,0.71,1.19,-0.19,3.11
2023-06-25,2023,"Ohtani, Shohei",660271,596295,field_out,hit_into_play,ground_ball,75.2,-2.0,154.6,159.09,34.0,49.03255034757195,2578.0,,0.08,0.078,0.0,0.0,0.0,COL,LAA,1,1,L,L,0,2,-0.57,-0.47,-0.65,2.78
2023-06-25,2023,"Ohtani, Shohei",660271,453268,field_out,hit_into_play,fly_ball,100.4,44.0,187.93,94.85,338.0,-25.599256497509863,2740.0,,0.046,0.066,0.0,0.0,0.0,COL,LAA,8,1,L,R,1,2,0.82,0.25,1.07,2.16
2023-06-25,2023,"Ohtani, Shohei",660271,596295,single,hit_into_play,ground_ball,82.7,7.0,132.18,100.92,106.0,-73.39685288938338,2508.0,,0.383,0.348,0.9,1.0,0.0,COL,LAA,3,2,L,L,2,0,-0.41,0.44,-0.91,2.55
2023-06-26,2023,"Ohtani, Shohei",660271,656302,home_run,hit_into_play,fly_ball,113.0,36.0,190.78,29.76,446.0,-55.36808612672534,2779.0,,0.886,2.0,2.0,0.0,3.0,LAA,CWS,4,1,L,R,3,1,0.1,0.58,0.72,2.34
2023-06-27,2023,"Ohtani, Shohei",660271,656629,home_run,hit_into_play,fly_ball,110.8,35.0,183.91,39.62,418.0,-55.395324629392114,2529.0,,0.9,1.827,2.0,0.0,3.0,LAA,CWS,1,1,L,R,2,1,-0.78,1.5,-0.09,2.5
2023-06-27,2023,"Ohtani, Shohei",660271,657053,home_run,hit_into_play,fly_ball,106.4,25.0,66.72,46.42,404.0,-126.56301746993353,1563.0,,0.946,1.835,2.0,0.0,3.0,LAA,CWS,7,1,L,R,1,1,-0.75,0.09,-0.3,1.93
2023-06-27,2023,"Ohtani, Shohei",660271,656629,single,hit_into_play,ground_ball,110.1,2.0,162.9,76.68,64.0,-51.89098364577218,2499.0,,0.591,0.546,0.9,1.0,0.0,LAA,CWS,5,0,L,R,3,2,-0.88,1.41,-0.06,1.65
2023-06-28,2023,"Ohtani, Shohei",660271,608665,single,hit_into_play,ground_ball,98.2,-17.0,144.35,148.7,6.0,50.76988505787965,1523.0,,0.157,0.153,0.9,1.0,0.0,LAA,CWS,9,2,L,R,1,1,-1.13,0.25,-0.82,2.08
2023-06-28,2023,"Ohtani, Shohei",660271,608337,triple,hit_into_play,line_drive,94.8,16.0,218.25,94.19,229.0,-18.28366588236634,1451.0,,0.729,0.726,1.6,1.0,2.0,LAA,CWS,1,1,L,R,2,2,-1.34,1.02,-0.38,2.51
2023-06-28,2023,"Ohtani, Shohei",660271,641871,single,hit_into_play,line_drive,102.2,5.0,129.81,81.47,129.0,-83.69448217966485,2290.0,,0.589,0.532,0.9,1.0,0.0,LAA,CWS,8,1,L,R,2,2,-0.55,1.16,-0.02,3.75
2023-06-29,2023,"Ohtani, Shohei",660271,608665,home_run,hit_into_play,fly_ball,111.3,27.0,82.78,26.88,438.0,-113.28169926891394,2390.0,,0.989,2.0,2.0,0.0,3.0,LAA,CWS,9,2,L,R,1,2,0.48,-0.21,-0.05,2.09
2023-06-30,2023,"Ohtani, Shohei",660271,674072,force_out,hit_into_play,ground_ball,101.6,-7.0,149.48,170.84,22.0,61.896382515994375,2216.0,,0.346,0.332,0.0,0.0,0.0,LAA,AZ,3,1,L,L,2,2,0.08,0.76,0.15,2.99
2023-06-30,2023,"Ohtani, Shohei",660271,674072,home_run,hit_into_play,fly_ball,115.1,29.0,229.89,26.54,493.0,-43.188890333421554,2104.0,,0.991,2.0,2.0,0.0,3.0,LAA,AZ,6,0,L,L,1,0,-0.32,1.09,0.03,2.64
2023-07-01,2023,"Ohtani, Shohei",660271,543518,field_out,hit_into_play,line_drive,99.6,8.0,156.75,158.21,132.0,46.287527047381225,1088.0,,0.657,0.613,0.0,0.0,0.0,LAA,AZ,9,0,L,R,0,2,-0.58,0.38,-0.15,1.64
2023-07-01,2023,"Ohtani, Shohei",660271,669194,field_out,hit_into_play,fly_ball,98.1,26.0,108.65,46.16,381.0,-101.7160411727323,2175.0,,0.366,0.566,0.0,0.0,0.0,LAA,AZ,1,2,L,R,2,2,-0.19,1.73,0.13,3.34
2023-07-02,2023,"Ohtani, Shohei",660271,669459,home_run,hit_into_play,fly_ball,115.4,28.0,223.44,41.85,454.0,-40.187009750688716,2573.0,,0.994,2.0,2.0,0.0,3.0,LAA,AZ,8,2,L,L,1,2,-0.4,0.01,0.26,2.47
2023-07-02,2023,"Ohtani, Shohei",660271,668678,field_out,hit_into_play,fly_ball,88.7,45.0,76.34,96.43,284.0,-149.58130404339204,2317.0,,0.006,0.005,0.0,0.0,0.0,LAA,AZ,6,0,L,R,2,0,-0.2,1.54,-0.11,2.82
2023-07-03,2023,"Ohtani, Shohei",660271,607259,field_out,hit_into_play,ground_ball,77.4,-4.0,137.99,147.64,16.0,60.154380171528636,1918.0,,0.1,0.094,0.0,0.0,0.0,SD,LAA,8,1,L,R,1,2,-1.1,0.06,-1.49,1.75
2023-07-03,2023,"Ohtani, Shohei",660271,605483,force_out,hit_into_play,ground_ball,94.4,-6.0,116.34,148.14,22.0,110.51804707673256,2522.0,,0.251,0.239,0.0,0.0,0.0,SD,LAA,3,1,L,L,1,1,0.31,1.64,-0.94,2.72
2023-07-04,2023,"Ohtani, Shohei",660271,605397,field_out,hit_into_play,fly_ball,90.5,42.0,72.52,105.16,269.0,-159.29096240835096,2926.0,,0.009,0.012,0.0,0.0,0.0,SD,LAA,4,0,L,R,2,2,1.03,-1.0,-0.26,2.61
2023-07-04,2023,"Ohtani, Shohei",660271,605397,field_out,hit_into_play,ground_ball,66.5,-40.0,159.25,175.16,3.0,55.67415281512902,2718.0,,0.1,0.096,0.0,0.0,0.0,SD,LAA,6,2,L,R,0,0,0.27,0.65,-0.07,2.22
2023-07-05,2023,"Ohtani, Shohei",660271,676680,field_out,hit_into_play,popup,69.8,59.0,81.48,150.1,166.0,150.0259594400759,2660.0,,0.006,0.005,0.0,0.0,0.0,SD,LAA,8,0,L,L,0,1,-2.17,0.59,-0.32,2.22
2023-07-05,2023,"Ohtani, Shohei",660271,607625,field_out,hit_into_play,ground_ball,93.3,-21.0,147.26,157.26,7.0,55.393602526881836,,,0.14,0.131,0.0,0.0,0.0,SD,LAA,1,2,L,R,3,2,-1.23,0.78,0.46,2.82
2023-07-05,2023,"Ohtani, Shohei",660271,607625,field_out,hit_into_play,ground_ball,77.2,-30.0,148.78,151.68,3.0,48.28924267849183,3357.0,,0.031,0.041,0.0,0.0,0.0,SD,LAA,3,1,L,R,0,2,0.77,-1.85,-0.74,1.86
2023-07-05,2023,"Ohtani, Shohei",660271,607625,field_out,hit_into_play,ground_ball,96.9,-15.0,148.78,156.24,9.0,52.72147916851614,3420.0,,0.217,0.207,0.0,0.0,0.0,SD,LAA,5,2,L,R,2,2,1.15,-1.26,-0.84,2.51
2023-07-07,2023,"Ohtani, Shohei",660271,664062,field_out,hit_into_play,ground_ball,98.9,-3.0,154.42,163.62,21.0,52.70052187816346,1570.0,,0.374,0.356,0.0,0.0,0.0,LAD,LAA,1,0,L,R,1,2,-0.9,-0.41,-0.15,1.63
2023-07-07,2023,"Ohtani, Shohei",660271,664062,single,hit_into_play,ground_ball,104.0,3.0,159.66,141.56,78.0,25.537733469736377,2025.0,,0.563,0.517,0.9,1.0,0.0,LAD,LAA,4,0,L,R,0,0,-0.97,1.33,-0.63,2.58
2023-07-08,2023,"Ohtani, Shohei",660271,675627,field_out,hit_into_play,fly_ball,101.1,51.0,99.86,87.22,286.0,-123.64104291300897,2316.0,,0.017,0.021,0.0,0.0,0.0,LAD,LAA,6,0,L,R,1,0,0.46,0.69,0.35,2.93
2023-07-08,2023,"Ohtani, Shohei",660271,675627,home_run,hit_into_play,fly_ball,105.2,29.0,154.76,25.95,433.0,-73.27687766186646,2221.0,,0.9,2.0,2.0,0.0,3.0,LAD,LAA,7,2,L,R,0,1,0.31,-0.12,-0.09,1.95
2023-07-08,2023,"Ohtani, Shohei",660271,675627,triple,hit_into_play,line_drive,113.1,11.0,153.85,95.62,198.0,-45.52148247675034,2208.0,,0.9,0.95,1.6,1.0,2.0,LAD,LAA,3,1,L,R,1,1,-0.66,1.3,0.11,3.02
2023-07-08,2023,"Ohtani, Shohei",660271,681911,single,hit_into_play,line_drive,82.3,16.0,125.46,87.34,241.0,-89.30019256610953,2499.0,,0.96,0.909,0.9,1.0,0.0,LAD,LAA,1,0,L,L,0,0,0.61,1.73,-0.87,1.97
2023-07-08,2023,"Ohtani, Shohei",660271,663542,sac_fly,hit_into_play,fly_ball,92.4,44.0,51.24,116.28,276.0,-173.25771529641563,2208.0,,0.006,0.005,0.0,0.0,0.0,LAD,LAA,9,1,L,L,0,0,-0.24,0.59,-0.06,2.24
2023-07-14,2023,"Ohtani, Shohei",660271,641585,single,hit_into_play,line_drive,76.9,25.0,63.76,115.09,237.0,-170.80794606044276,2453.0,,0.66,0.623,0.9,1.0,0.0,LAA,HOU,1,1,L,R,0,0,0.01,1.22,0.38,3.47
2023-07-14,2023,"Ohtani, Shohei",660271,641585,field_out,hit_into_play,line_drive,110.3,12.0,82.08,99.09,292.0,-148.88140627835506,1858.0,,0.877,0.905,0.0,0.0,0.0,LAA,HOU,2,2,L,R,0,0,-1.33,0.75,-0.51,2.9
2023-07-14,2023,"Ohtani, Shohei",660271,641585,single,hit_into_play,line_drive,87.9,14.0,75.86,112.18,206.0,-165.37817672993444,2289.0,,0.977,0.928,0.9,1.0,0.0,LAA,HOU,5,1,L,R,3,2,0.26,0.97,0.2,3.4
2023-07-15,2023,"Ohtani, Shohei",660271,519151,home_run,hit_into_play,fly_ball,103.5,32.0,111.15,36.21,404.0,-98.86589488638839,,,0.757,1.494,2.0,0.0,3.0,LAA,HOU,9,0,L,R,1,1,0.49,0.17,-0.28,2.92
2023-07-15,2023,"Ohtani, Shohei",660271,664285,field_out,hit_into_play,ground_ball,93.0,-15.0,153.99,141.31,9.0,29.362445072800032,2140.0,,0.114,0.111,0.0,0.0,0.0,LAA,HOU,3,0,L,L,1,1,1.18,0.8,0.53,2.56
2023-07-16,2023,"Ohtani, Shohei",660271,664208,home_run,hit_into_play,fly_ball,105.4,27.0,104.28,34.17,411.0,-102.85033471234718,2505.0,,0.943,1.856,2.0,0.0,3.0,LAA,HOU,9,1,L,R,0,0,0.2,0.83,0.41,3.25
2023-07-16,2023,"Ohtani, Shohei",660271,664299,field_out,hit_into_play,line_drive,101.6,7.0,117.62,137.39,193.0,120.77978926716051,2317.0,,0.626,0.563,0.0,0.0,0.0,LAA,HOU,1,1,L,R,2,2,-0.57,1.49,-0.65,2.29
2023-07-16,2023,"Ohtani, Shohei",660271,664299,field_out,hit_into_play,ground_ball,74.6,-37.0,139.44,159.82,2.0,67.47600986901485,2458.0,,0.077,0.073,0.0,0.0,0.0,LAA,HOU,3,1,L,R,2,1,1.14,0.13,-0.83,1.98
2023-07-16,2023,"Ohtani, Shohei",660271,664299,field_out,hit_into_play,fly_ball,81.1,49.0,136.33,104.02,241.0,-61.629262206046185,2280.0,,0.04,0.048,0.0,0.0,0.0,LAA,HOU,5,1,L,R,0,1,-0.47,1.44,0.49,3.38
2023-07-17,2023,"Ohtani, Shohei",660271,622663,double,hit_into_play,line_drive,111.7,17.0,84.75,52.2,377.0,-118.93753074441064,1647.0,,0.789,1.052,1.25,1.0,1.0,LAA,NYY,3,1,L,R,0,1,-1.2,0.82,-0.59,2.98
2023-07-17,2023,"Ohtani, Shohei",660271,650633,home_run,hit_into_play,fly_ball,106.5,31.0,93.84,39.3,403.0,-109.98095928561214,2421.0,,0.883,1.764,2.0,0.0,3.0,LAA,NYY,7,2,L,R,1,2,-0.31,1.22,-0.55,2.56
2023-07-17,2023,"Ohtani, Shohei",660271,622663,single,hit_into_play,ground_ball,108.6,7.0,182.23,93.64,132.0,-28.721170594268497,2218.0,,0.691,0.654,0.9,1.0,0.0,LAA,NYY,1,1,L,R,0,0,-0.62,1.23,0.38,2.32
2023-07-18,2023,"Ohtani, Shohei",660271,593334,triple,hit_into_play,ground_ball,110.5,3.0,146.43,178.67,77.0,68.23357074164512,2296.0,,0.631,0.59,1.6,1.0,2.0,LAA,NYY,5,1,L,R,1,0,-1.26,0.78,0.07,1.95
2023-07-22,2023,"Ohtani, Shohei",660271,669796,field_out,hit_into_play,line_drive,101.6,20.0,140.7,62.15,342.0,-75.97448206162123,1964.0,,0.52,0.687,0.0,0.0,0.0,LAA,PIT,5,2,L,L,0,0,-0.07,0.14,0.11,3.34
2023-07-23,2023,"Ohtani, Shohei",660271,656605,home_run,hit_into_play,line_drive,112.9,19.0,119.09,33.41,410.0,-93.69198886511444,2570.0,,0.906,1.479,2.0,0.0,3.0,LAA,PIT,1,1,L,R,3,2,0.02,0.45,0.51,2.0
2023-07-25,2023,"Ohtani, Shohei",660271,593958,field_out,hit_into_play,line_drive,,,84.34,128.01,,175.7662004946193,,,,,0.0,0.0,0.0,DET,LAA,3,1,L,L,0,1,,,,
2023-07-27,2023,"Ohtani, Shohei",660271,547179,field_out,hit_into_play,fly_ball,106.8,53.0,108.34,82.17,295.0,-111.25502430536389,2433.0,,0.031,0.043,0.0,0.0,0.0,DET,LAA,3,1,L,R,0,0,-1.12,1.32,-0.17,3.31
2023-07-27,2023,"Ohtani, Shohei",660271,666159,home_run,hit_into_play,fly_ball,107.6,25.0,39.08,70.53,383.0,-147.62686282975406,2102.0,,0.983,1.942,2.0,0.0,3.0,DET,LAA,2,2,L,R,2,2,-0.17,1.32,0.04,2.08
2023-07-27,2023,"Ohtani, Shohei",660271,656657,field_out,hit_into_play,ground_ball,83.5,0.0,156.85,152.42,39.0,40.72550653080888,2263.0,,0.209,0.203,0.0,0.0,0.0,DET,LAA,9,2,L,L,0,0,-0.54,-0.1,-0.13,1.99
2023-07-27,2023,"Ohtani, Shohei",660271,666159,home_run,hit_into_play,fly_ball,116.9,22.0,169.42,28.27,435.0,-65.33463789157979,2298.0,,0.974,2.0,2.0,0.0,3.0,DET,LAA,4,2,L,R,3,1,-0.15,1.32,0.18,2.41
2023-07-27,2023,"Ohtani, Shohei",660271,547179,field_out,hit_into_play,fly_ball,95.1,43.0,36.98,107.56,314.0,-168.79275251286373,2464.0,,0.02,0.028,0.0,0.0,0.0,DET,LAA,5,2,L,R,1,0,-0.92,1.42,-0.43,3.03
2023-07-28,2023,"Ohtani, Shohei",660271,592332,single,hit_into_play,line_drive,73.8,22.0,94.91,100.45,226.0,-140.78948715661286,1630.0,,0.969,0.882,0.9,1.0,0.0,TOR,LAA,6,1,L,R,1,2,-1.24,0.23,-1.17,1.95
2023-07-28,2023,"Ohtani, Shohei",660271,592332,home_run,hit_into_play,fly_ball,103.5,28.0,219.1,67.25,397.0,-31.53780765770609,2233.0,,0.877,1.717,2.0,0.0,3.0,TOR,LAA,1,1,L,R,0,0,-0.91,1.33,0.16,2.17
2023-07-28,2023,"Ohtani, Shohei",660271,641835,field_out,hit_into_play,ground_ball,104.8,-6.0,119.87,149.38,19.0,101.8827358728329,2137.0,,0.394,0.374,0.0,0.0,0.0,TOR,LAA,8,0,L,L,3,2,1.34,0.74,0.03,2.39
2023-07-29,2023,"Ohtani, Shohei",660271,666201,double,hit_into_play,ground_ball,113.6,4.0,174.62,75.95,121.0,-44.6690155970624,2312.0,,0.66,0.63,1.25,1.0,1.0,TOR,LAA,3,0,L,R,1,1,-1.27,0.82,0.03,1.64
2023-07-30,2023,"Ohtani, Shohei",660271,650893,field_out,hit_into_play,ground_ball,111.0,-6.0,141.82,152.46,16.0,58.511392678311864,2207.0,,0.431,0.407,0.0,0.0,0.0,TOR,LAA,7,1,L,L,3,2,-0.04,0.38,0.1,2.03
2023-07-30,2023,"Ohtani, Shohei",660271,621244,field_out,hit_into_play,fly_ball,86.0,46.0,58.37,116.19,265.0,-172.4678875191637,1575.0,,0.006,0.005,0.0,0.0,0.0,TOR,LAA,1,0,L,R,0,2,-1.26,0.52,-0.54,1.61
2023-07-30,2023,"Ohtani, Shohei",660271,621244,single,hit_into_play,line_drive,95.0,11.0,69.09,88.46,229.0,-146.8333625983032,1252.0,,0.849,0.807,0.9,1.0,0.0,TOR,LAA,3,0,L,R,0,1,-1.36,0.26,-1.21,2.81
2023-07-31,2023,"Ohtani, Shohei",660271,621345,single,hit_into_play,ground_ball,96.9,8.0,148.09,84.12,152.0,-60.54120166660624,2572.0,,0.66,0.608,0.9,1.0,0.0,ATL,LAA,7,0,L,L,2,2,-0.52,0.41,-0.76,2.28
2023-07-31,2023,"Ohtani, Shohei",660271,678226,field_out,hit_into_play,fly_ball,101.2,36.0,132.69,35.09,405.0,-85.11139095012992,2370.0,,0.377,0.721,0.0,0.0,0.0,ATL,LAA,9,0,L,R,0,2,-0.82,1.39,0.12,3.11
2023-07-31,2023,"Ohtani, Shohei",660271,450203,single,hit_into_play,line_drive,113.3,9.0,160.21,94.72,164.0,-40.694969782043835,2256.0,,0.851,0.868,0.9,1.0,0.0,ATL,LAA,4,2,L,R,0,0,-0.84,0.8,-0.4,3.16
2023-08-01,2023,"Ohtani, Shohei",660271,675911,single,hit_into_play,ground_ball,92.3,2.0,118.84,141.52,70.0,110.44954761079256,2267.0,,0.406,0.382,0.9,1.0,0.0,ATL,LAA,6,0,L,R,1,1,-0.5,1.48,0.43,2.67
2023-08-01,2023,"Ohtani, Shohei",660271,621345,field_out,hit_into_play,ground_ball,104.8,-20.0,159.97,165.13,6.0,48.93052333598894,2444.0,,0.197,0.187,0.0,0.0,0.0,ATL,LAA,8,0,L,L,3,2,0.55,1.33,0.87,2.1
2023-08-02,2023,"Ohtani, Shohei",660271,630023,single,hit_into_play,ground_ball,106.5,3.0,150.77,108.27,73.0,-32.99181463223411,1980.0,,0.569,0.519,0.9,1.0,0.0,ATL,LAA,6,0,L,R,0,0,-1.33,0.47,-0.38,2.39
2023-08-02,2023,"Ohtani, Shohei",660271,630023,single,hit_into_play,line_drive,114.0,12.0,179.1,81.94,220.0,-38.517455569032926,999.0,,0.877,0.951,0.9,1.0,0.0,ATL,LAA,1,1,L,R,2,2,-0.49,0.82,-0.71,3.29
2023-08-03,2023,"Ohtani, Shohei",660271,693433,single,hit_into_play,line_drive,87.6,13.0,148.19,108.64,185.0,-35.2020696009964,2273.0,,0.889,0.826,0.9,1.0,0.0,LAA,SEA,1,1,L,R,0,0,0.6,0.38,0.79,2.67
2023-08-03,2023,"Ohtani, Shohei",660271,663462,home_run,hit_into_play,fly_ball,106.7,23.0,199.87,59.08,390.0,-41.36261000645114,2502.0,,0.931,1.703,2.0,0.0,3.0,LAA,SEA,8,1,L,R,2,2,-0.3,1.58,0.52,2.5
2023-08-04,2023,"Ohtani, Shohei",660271,622491,double,hit_into_play,line_drive,105.1,19.0,73.33,60.5,367.0,-128.69770371481317,2135.0,,0.594,0.754,1.25,1.0,1.0,LAA,SEA,4,2,L,R,0,0,-0.8,1.16,0.2,2.48
2023-08-05,2023,"Ohtani, Shohei",660271,669923,grounded_into_double_play,hit_into_play,ground_ball,89.3,-9.0,135.51,176.43,12.0,78.45031971709182,2138.0,,0.146,0.142,0.0,0.0,0.0,LAA,SEA,1,0,L,R,1,2,-0.69,1.29,0.7,2.12
2023-08-05,2023,"Ohtani, Shohei",660271,669923,field_out,hit_into_play,line_drive,107.3,17.0,186.84,77.75,336.0,-37.38230801012701,2117.0,,0.611,0.747,0.0,0.0,0.0,LAA,SEA,4,0,L,R,3,2,0.83,-1.0,-0.34,2.9
2023-08-06,2023,"Ohtani, Shohei",660271,623437,field_out,hit_into_play,ground_ball,86.6,-8.0,164.67,172.52,14.0,50.14465493759821,2168.0,,0.154,0.151,0.0,0.0,0.0,LAA,SEA,8,1,L,R,3,1,-1.71,-0.16,-0.9,2.28
2023-08-06,2023,"Ohtani, Shohei",660271,682243,single,hit_into_play,line_drive,105.6,15.0,140.61,69.74,276.0,-74.2259262475383,2549.0,,0.683,0.771,0.9,1.0,0.0,LAA,SEA,1,1,L,R,1,0,-0.37,1.52,0.3,2.19
2023-08-07,2023,"Ohtani, Shohei",660271,657277,field_out,hit_into_play,ground_ball,92.0,-25.0,158.28,166.93,5.0,51.56083548688265,1410.0,,0.111,0.108,0.0,0.0,0.0,LAA,SF,3,1,L,R,2,2,-1.2,-0.58,-0.51,2.19
2023-08-07,2023,"Ohtani, Shohei",660271,657277,double,hit_into_play,ground_ball,106.0,6.0,154.04,74.26,134.0,-60.216219720100234,1455.0,,0.657,0.618,1.25,1.0,1.0,LAA,SF,6,0,L,R,1,2,-1.17,-0.16,-0.53,1.53
2023-08-07,2023,"Ohtani, Shohei",660271,643511,field_out,hit_into_play,fly_ball,106.2,54.0,187.21,96.9,294.0,-24.308497448556874,2332.0,,0.023,0.028,0.0,0.0,0.0,LAA,SF,7,1,L,R,1,1,0.49,1.63,0.1,3.36
2023-08-07,2023,"Ohtani, Shohei",660271,657277,single,hit_into_play,ground_ball,111.4,-4.0,122.99,120.92,26.0,-116.22702690114052,1444.0,,0.429,0.386,0.9,1.0,0.0,LAA,SF,1,1,L,R,3,2,-0.94,-0.48,-0.54,2.47
2023-08-08,2023,"Ohtani, Shohei",660271,622072,field_out,hit_into_play,line_drive,109.1,15.0,170.74,75.81,325.0,-47.0813597564965,1704.0,,0.654,0.73,0.0,0.0,0.0,LAA,SF,5,0,L,L,0,1,1.44,0.29,-0.24,2.1
2023-08-08,2023,"Ohtani, Shohei",660271,596001,field_out,hit_into_play,fly_ball,97.0,36.0,108.94,56.02,357.0,-103.10618613223646,1342.0,,0.174,0.316,0.0,0.0,0.0,LAA,SF,2,1,L,R,1,1,-1.05,0.39,-0.89,2.86
2023-08-08,2023,"Ohtani, Shohei",660271,622072,field_out,hit_into_play,ground_ball,105.9,4.0,133.91,147.1,128.0,68.04231344771935,1758.0,,0.631,0.615,0.0,0.0,0.0,LAA,SF,7,0,L,L,3,2,1.14,-0.12,-0.56,1.85
2023-08-08,2023,"Ohtani, Shohei",660271,518397,single,hit_into_play,ground_ball,82.2,3.0,141.05,101.87,65.0,-55.24306374084466,2265.0,,0.283,0.269,0.9,1.0,0.0,LAA,SF,1,0,L,L,3,1,1.01,0.63,1.2,2.58
2023-08-11,2023,"Ohtani, Shohei",660271,434378,field_out,hit_into_play,ground_ball,86.1,-9.0,146.57,155.49,14.0,54.722690927735925,1825.0,,0.137,0.134,0.0,0.0,0.0,HOU,LAA,1,1,L,R,2,2,-1.46,0.73,-1.1,2.29
2023-08-11,2023,"Ohtani, Shohei",660271,434378,single,hit_into_play,line_drive,92.6,18.0,118.97,80.77,259.0,-97.76343179718248,2501.0,,0.563,0.589,0.9,1.0,0.0,HOU,LAA,6,0,L,R,1,0,-0.6,1.46,1.01,2.46
2023-08-12,2023,"Ohtani, Shohei",660271,650556,field_out,hit_into_play,fly_ball,92.3,36.0,49.9,93.16,323.0,-157.02460752415294,2344.0,,0.037,0.062,0.0,0.0,0.0,HOU,LAA,8,2,L,R,1,0,-0.62,1.38,0.04,2.33
2023-08-12,2023,"Ohtani, Shohei",660271,641585,double,hit_into_play,line_drive,118.3,18.0,184.66,60.21,372.0,-47.36047438981133,2675.0,,0.874,1.366,1.25,1.0,1.0,HOU,LAA,6,0,L,R,0,2,0.51,0.52,0.21,2.3
2023-08-13,2023,"Ohtani, Shohei",660271,664353,field_out,hit_into_play,ground_ball,107.5,-3.0,142.57,142.5,44.0,44.885637318515876,2145.0,,0.42,0.378,0.0,0.0,0.0,HOU,LAA,1,1,L,R,3,2,-0.7,1.33,-0.61,3.67
2023-08-13,2023,"Ohtani, Shohei",660271,656786,home_run,hit_into_play,fly_ball,110.2,28.0,112.64,17.79,448.0,-96.57646770656996,2577.0,,0.98,2.0,2.0,0.0,3.0,HOU,LAA,6,2,L,L,1,0,-1.28,-0.21,0.02,3.4
2023-08-14,2023,"Ohtani, Shohei",660271,453286,field_out,hit_into_play,popup,88.2,73.0,100.66,171.75,98.0,117.50336557389389,1211.0,,0.003,0.003,0.0,0.0,0.0,TEX,LAA,7,0,L,R,0,0,-1.01,-0.12,-0.38,2.11
2023-08-15,2023,"Ohtani, Shohei",660271,547973,field_out,hit_into_play,ground_ball,107.1,-22.0,150.23,142.41,4.0,34.60767551709069,2368.0,,0.186,0.179,0.0,0.0,0.0,TEX,LAA,8,1,L,L,1,2,1.19,1.18,0.75,1.88
2023-08-15,2023,"Ohtani, Shohei",660271,656756,field_out,hit_into_play,ground_ball,90.2,-16.0,154.69,155.71,9.0,45.96748576972765,2228.0,,0.1,0.097,0.0,0.0,0.0,TEX,LAA,3,2,L,L,2,0,1.19,1.18,0.57,2.71
2023-08-15,2023,"Ohtani, Shohei",660271,656756,single,hit_into_play,ground_ball,100.3,-23.0,157.11,156.92,4.0,44.82998334911968,2133.0,,0.1,0.096,0.9,1.0,0.0,TEX,LAA,1,1,L,L,1,0,1.33,0.92,0.68,1.76
2023-08-16,2023,"Ohtani, Shohei",660271,547973,single,hit_into_play,ground_ball,60.5,-8.0,117.0,166.47,16.0,100.91883199687847,2418.0,,0.066,0.065,0.9,1.0,0.0,TEX,LAA,8,1,L,L,1,2,1.23,1.09,1.17,2.9
2023-08-16,2023,"Ohtani, Shohei",660271,592351,home_run,hit_into_play,fly_ball,109.1,32.0,100.15,23.78,437.0,-103.79358483288094,1957.0,,0.951,2.0,2.0,0.0,3.0,TEX,LAA,1,1,L,R,1,0,-0.81,0.98,0.19,3.81
2023-08-16,2023,"Ohtani, Shohei",660271,592351,single,hit_into_play,ground_ball,80.7,5.0,105.49,159.8,95.0,119.27639310553467,1960.0,,0.28,0.268,0.9,1.0,0.0,TEX,LAA,3,0,L,R,1,2,-0.97,1.0,-1.52,2.98
2023-08-16,2023,"Ohtani, Shohei",660271,592351,field_out,hit_into_play,fly_ball,97.5,39.0,36.92,97.13,333.0,-162.44174881286312,1669.0,,0.109,0.191,0.0,0.0,0.0,TEX,LAA,5,2,L,R,2,1,-1.22,0.96,-0.75,3.24
2023-08-18,2023,"Ohtani, Shohei",660271,541640,single,hit_into_play,ground_ball,94.9,6.0,161.38,171.14,99.0,51.74528513275079,1656.0,,0.54,0.503,0.9,1.0,0.0,LAA,TB,1,1,L,R,1,1,-1.21,0.82,-0.69,2.51
2023-08-18,2023,"Ohtani, Shohei",660271,541640,home_run,hit_into_play,fly_ball,102.1,28.0,210.08,67.76,389.0,-33.93182043524788,2503.0,,0.669,1.212,2.0,0.0,3.0,LAA,TB,2,2,L,R,1,0,0.18,1.01,0.25,3.41
2023-08-19,2023,"Ohtani, Shohei",660271,607192,field_out,hit_into_play,line_drive,99.7,23.0,48.17,86.5,338.0,-153.38426043836685,2764.0,,0.491,0.729,0.0,0.0,0.0,LAA,TB,4,2,L,R,1,1,0.27,-0.28,0.25,2.54
2023-08-19,2023,"Ohtani, Shohei",660271,621107,field_out,hit_into_play,line_drive,94.8,23.0,56.92,77.53,346.0,-145.11317285452964,1712.0,,0.194,0.235,0.0,0.0,0.0,LAA,TB,4,0,L,R,2,1,-1.25,0.33,-1.2,2.7
2023-08-19,2023,"Ohtani, Shohei",660271,621107,field_out,hit_into_play,popup,86.9,62.0,79.12,165.78,195.0,138.36801095780447,2130.0,,0.011,0.012,0.0,0.0,0.0,LAA,TB,1,1,L,R,2,2,0.17,0.67,0.26,3.19
2023-08-19,2023,"Ohtani, Shohei",660271,681867,double,hit_into_play,line_drive,95.5,9.0,149.65,104.82,149.0,-39.30585771200899,1571.0,,0.651,0.593,1.25,1.0,1.0,LAA,TB,8,0,L,R,0,0,-1.14,-0.28,-0.87,2.61
2023-08-19,2023,"Ohtani, Shohei",660271,607192,field_out,hit_into_play,fly_ball,105.9,40.0,68.19,61.83,368.0,-131.96565746556416,2702.0,,0.466,0.949,0.0,0.0,0.0,LAA,TB,3,0,L,R,2,1,0.26,0.27,0.13,2.63
2023-08-22,2023,"Ohtani, Shohei",660271,594580,field_out,hit_into_play,fly_ball,85.2,40.0,41.85,124.74,277.0,-179.8208436064603,2637.0,,0.001,0.0,0.0,0.0,0.0,LAA,CIN,8,1,L,L,1,2,0.62,1.1,-0.66,2.58
2023-08-23,2023,"Ohtani, Shohei",660271,671096,home_run,hit_into_play,line_drive,115.7,20.0,197.24,34.02,442.0,-51.54969867691266,2219.0,,0.943,2.0,2.0,0.0,3.0,LAA,CIN,1,0,L,L,0,0,0.67,1.39,0.18,2.8
2023-08-23,2023,"Ohtani, Shohei",660271,680689,force_out,hit_into_play,ground_ball,69.2,-37.0,111.39,155.97,3.0,113.72344983104371,2404.0,,0.074,0.073,0.0,0.0,0.0,LAA,CIN,1,0,L,R,1,0,-1.33,0.45,-0.98,2.29
2023-08-23,2023,"Ohtani, Shohei",660271,664747,force_out,hit_into_play,ground_ball,97.4,-9.0,153.72,144.32,11.0,33.92879855907869,2079.0,,0.249,0.24,0.0,0.0,0.0,LAA,CIN,9,0,L,R,2,2,0.48,0.05,-0.36,2.04
2023-08-23,2023,"Ohtani, Shohei",660271,680689,field_out,hit_into_play,line_drive,104.2,18.0,86.9,66.77,342.0,-123.19680025276521,1763.0,,0.509,0.616,0.0,0.0,0.0,LAA,CIN,2,2,L,R,3,2,-1.24,0.33,0.37,1.38
2023-08-23,2023,"Ohtani, Shohei",660271,680689,double,hit_into_play,line_drive,85.4,18.0,185.61,118.0,208.0,-6.588044302285725,2560.0,,0.897,0.841,1.25,1.0,1.0,LAA,CIN,5,1,L,R,0,0,0.33,-1.02,-0.38,2.15
2023-08-25,2023,"Ohtani, Shohei",660271,592473,field_out,hit_into_play,ground_ball,87.2,2.0,156.58,160.47,56.0,48.320373173455366,2145.0,,0.323,0.309,0.0,0.0,0.0,NYM,LAA,8,0,L,L,1,1,-0.56,0.29,0.38,2.02
2023-08-25,2023,"Ohtani, Shohei",660271,673540,double,hit_into_play,line_drive,115.4,19.0,213.82,66.4,337.0,-33.41528405614899,2473.0,,0.897,1.483,1.25,1.0,1.0,NYM,LAA,3,0,L,R,1,2,0.07,0.19,0.23,2.09
2023-08-26,2023,"Ohtani, Shohei",660271,471911,triple,hit_into_play,line_drive,91.2,21.0,222.39,107.75,275.0,-10.044222133916314,2320.0,,0.234,0.257,1.6,1.0,2.0,NYM,LAA,2,2,L,R,0,1,0.21,0.25,0.16,2.28
2023-08-26,2023,"Ohtani, Shohei",660271,592473,field_out,hit_into_play,fly_ball,76.1,37.0,139.92,94.02,265.0,-64.28448578952579,2244.0,,0.117,0.114,0.0,0.0,0.0,NYM,LAA,7,0,L,L,1,0,-1.19,0.79,-0.66,2.35
2023-08-26,2023,"Ohtani, Shohei",660271,471911,double,hit_into_play,line_drive,109.6,19.0,150.42,46.35,382.0,-72.08895635581534,2064.0,,0.86,1.289,1.25,1.0,1.0,NYM,LAA,1,1,L,R,2,2,-0.34,0.95,-0.24,3.42
2023-08-27,2023,"Ohtani, Shohei",660271,656849,field_out,hit_into_play,line_drive,100.5,18.0,73.6,97.49,309.0,-151.84368651026966,2351.0,,0.466,0.568,0.0,0.0,0.0,NYM,LAA,1,0,L,L,0,2,-0.26,-0.06,-0.09,2.44
2023-08-27,2023,"Ohtani, Shohei",660271,656849,field_out,hit_into_play,ground_ball,69.8,-21.0,148.73,152.93,5.0,49.64797069138705,2368.0,,0.049,0.053,0.0,0.0,0.0,NYM,LAA,6,1,L,L,1,2,-0.12,0.09,-1.02,1.83
2023-08-28,2023,"Ohtani, Shohei",660271,592836,single,hit_into_play,ground_ball,106.1,6.0,125.16,85.64,119.0,-89.76709161007949,2168.0,,0.657,0.618,0.9,1.0,0.0,PHI,LAA,1,0,L,R,2,2,-0.61,1.24,-0.42,2.21
2023-08-28,2023,"Ohtani, Shohei",660271,642397,field_out,hit_into_play,ground_ball,58.4,-38.0,146.62,170.05,4.0,64.36312899512862,2484.0,,0.083,0.08,0.0,0.0,0.0,PHI,LAA,8,2,L,L,0,0,1.48,0.7,1.11,3.41
2023-08-28,2023,"Ohtani, Shohei",660271,592836,field_out,hit_into_play,fly_ball,76.6,34.0,104.91,95.34,265.0,-124.11148289459965,1470.0,,0.134,0.148,0.0,0.0,0.0,PHI,LAA,3,0,L,R,1,0,-0.63,0.11,-1.12,2.22
2023-08-29,2023,"Ohtani, Shohei",660271,547179,single,hit_into_play,ground_ball,54.2,-69.0,119.3,196.0,1.0,94.58995791966825,2093.0,,0.229,0.222,0.9,1.0,0.0,PHI,LAA,3,1,L,R,1,0,-1.35,0.92,-0.85,1.7
2023-08-29,2023,"Ohtani, Shohei",660271,547179,single,hit_into_play,line_drive,104.3,10.0,185.88,102.45,202.0,-20.324669408852017,1930.0,,0.86,0.833,0.9,1.0,0.0,PHI,LAA,5,1,L,R,1,0,-1.32,0.83,-1.01,2.6
2023-08-29,2023,"Ohtani, Shohei",660271,621237,field_out,hit_into_play,line_drive,81.7,24.0,157.31,91.72,279.0,-45.847276336661594,2041.0,,0.34,0.306,0.0,0.0,0.0,PHI,LAA,7,1,L,L,0,0,0.99,1.36,0.52,2.64
2023-08-29,2023,"Ohtani, Shohei",660271,547179,field_out,hit_into_play,fly_ball,90.9,65.0,60.47,149.15,206.0,159.4819125353318,2458.0,,0.003,0.003,0.0,0.0,0.0,PHI,LAA,1,0,L,R,1,1,0.21,0.42,-0.15,2.29
2023-08-29,2023,"Ohtani, Shohei",660271,571479,double,hit_into_play,line_drive,118.6,13.0,170.7,60.59,343.0,-54.64364536728697,2394.0,,0.84,0.997,1.25,1.0,1.0,PHI,LAA,9,2,L,R,2,0,-0.85,1.27,0.04,2.01
2023-08-30,2023,"Ohtani, Shohei",660271,650911,grounded_into_double_play,hit_into_play,ground_ball,105.7,-20.0,155.64,172.06,5.0,56.93250361909594,2004.0,,0.194,0.186,0.0,0.0,0.0,PHI,LAA,3,1,L,L,0,0,1.25,0.5,0.35,1.92
2023-08-30,2023,"Ohtani, Shohei",660271,650911,single,hit_into_play,ground_ball,98.3,4.0,184.73,119.12,84.0,-5.622252952607037,2039.0,,0.489,0.44,0.9,1.0,0.0,PHI,LAA,5,2,L,L,1,1,1.44,0.4,0.72,2.48
2023-09-01,2023,"Ohtani, Shohei",660271,676664,field_out,hit_into_play,ground_ball,75.0,-49.0,147.86,165.14,1.0,60.33819614050533,2305.0,,0.169,0.163,0.0,0.0,0.0,ATH,LAA,1,1,L,L,0,2,-0.38,0.44,-1.15,1.84
2023-09-01,2023,"Ohtani, Shohei",660271,676664,field_out,hit_into_play,ground_ball,59.9,2.0,102.96,170.85,48.0,115.67349724271779,2150.0,,0.114,0.106,0.0,0.0,0.0,ATH,LAA,3,2,L,L,0,2,0.92,1.09,1.03,3.4
2023-09-01,2023,"Ohtani, Shohei",660271,676664,double,hit_into_play,ground_ball,100.9,2.0,193.6,139.86,73.0,12.222463432934491,2498.0,,0.511,0.48,1.25,1.0,1.0,ATH,LAA,6,0,L,L,0,1,-0.3,0.69,0.57,3.4
2023-09-02,2023,"Ohtani, Shohei",660271,669674,field_out,hit_into_play,popup,83.7,65.0,103.02,133.6,146.0,158.63134348286087,2619.0,,0.003,0.003,0.0,0.0,0.0,ATH,LAA,7,1,L,L,0,1,-0.41,-1.24,-0.13,1.65
2023-09-02,2023,"Ohtani, Shohei",660271,621112,field_out,hit_into_play,ground_ball,75.6,-24.0,115.66,140.91,5.0,120.41515702071177,1823.0,,0.04,0.046,0.0,0.0,0.0,ATH,LAA,3,0,L,R,2,1,-1.15,0.28,-0.13,2.07
2023-09-03,2023,"Ohtani, Shohei",660271,666205,field_out,hit_into_play,popup,66.7,74.0,136.81,177.56,68.0,77.33621879182438,2073.0,,0.003,0.004,0.0,0.0,0.0,ATH,LAA,3,2,L,L,3,2,-0.06,0.35,0.43,2.79
